-- phpMyAdmin SQL Dump
-- version 5.2.1
-- https://www.phpmyadmin.net/
--
-- Host: localhost
-- Generation Time: May 19, 2023 at 08:27 PM
-- Server version: 10.4.28-MariaDB
-- PHP Version: 8.1.17

SET SQL_MODE = "NO_AUTO_VALUE_ON_ZERO";
START TRANSACTION;
SET time_zone = "+00:00";


/*!40101 SET @OLD_CHARACTER_SET_CLIENT=@@CHARACTER_SET_CLIENT */;
/*!40101 SET @OLD_CHARACTER_SET_RESULTS=@@CHARACTER_SET_RESULTS */;
/*!40101 SET @OLD_COLLATION_CONNECTION=@@COLLATION_CONNECTION */;
/*!40101 SET NAMES utf8mb4 */;

--
-- Database: `StadiumDb`
--

-- --------------------------------------------------------

--
-- Table structure for table `admin`
--

CREATE TABLE `admin` (
  `aid` int(11) NOT NULL,
  `a_name` varchar(15) DEFAULT NULL,
  `password` varchar(15) DEFAULT NULL
) ENGINE=InnoDB DEFAULT CHARSET=utf8mb4 COLLATE=utf8mb4_general_ci;

--
-- Dumping data for table `admin`
--

INSERT INTO `admin` (`aid`, `a_name`, `password`) VALUES
(1, 'ayse', '1234');

-- --------------------------------------------------------

--
-- Table structure for table `booking`
--

CREATE TABLE `booking` (
  `bid` int(11) NOT NULL,
  `seatid` int(11) NOT NULL,
  `eventid` int(11) NOT NULL
) ENGINE=InnoDB DEFAULT CHARSET=utf8mb4 COLLATE=utf8mb4_general_ci;

--
-- Dumping data for table `booking`
--

INSERT INTO `booking` (`bid`, `seatid`, `eventid`) VALUES
(1, 37, 3),
(2, 38, 3),
(3, 39, 3),
(4, 40, 3),
(5, 41, 3),
(6, 42, 3),
(7, 43, 3),
(8, 44, 3),
(9, 45, 3),
(10, 46, 3),
(11, 47, 3),
(12, 48, 3),
(13, 97, 3),
(14, 98, 3),
(15, 99, 3),
(16, 100, 3),
(17, 101, 3),
(18, 102, 3),
(19, 103, 3),
(20, 104, 3),
(21, 105, 3),
(22, 106, 3),
(23, 107, 3),
(24, 108, 3),
(25, 157, 3),
(26, 158, 3),
(27, 159, 3),
(28, 160, 3),
(29, 161, 3),
(30, 162, 3),
(31, 163, 3),
(32, 164, 3),
(33, 165, 3),
(34, 166, 3),
(35, 167, 3),
(36, 168, 3),
(37, 217, 3),
(38, 218, 3),
(39, 219, 3),
(40, 220, 3),
(41, 221, 3),
(42, 222, 3),
(43, 223, 3),
(44, 224, 3),
(45, 225, 3),
(46, 226, 3),
(47, 227, 3),
(48, 228, 3),
(49, 277, 3),
(50, 278, 3),
(51, 279, 3),
(52, 280, 3),
(53, 281, 3),
(54, 282, 3),
(55, 283, 3),
(56, 284, 3),
(57, 285, 3),
(58, 286, 3),
(59, 287, 3),
(60, 288, 3),
(61, 337, 3),
(62, 338, 3),
(63, 339, 3),
(64, 340, 3),
(65, 341, 3),
(66, 342, 3),
(67, 343, 3),
(68, 344, 3),
(69, 345, 3),
(70, 346, 3),
(71, 347, 3),
(72, 348, 3),
(73, 397, 3),
(74, 398, 3),
(75, 399, 3),
(76, 400, 3),
(77, 401, 3),
(78, 402, 3),
(79, 403, 3),
(80, 404, 3),
(81, 405, 3),
(82, 406, 3),
(83, 407, 3),
(84, 408, 3),
(85, 457, 3),
(86, 458, 3),
(87, 459, 3),
(88, 460, 3),
(89, 461, 3),
(90, 462, 3),
(91, 463, 3),
(92, 464, 3),
(93, 465, 3),
(94, 466, 3),
(95, 467, 3),
(96, 468, 3),
(97, 517, 3),
(98, 518, 3),
(99, 519, 3),
(100, 520, 3),
(101, 13, 1),
(102, 15, 1),
(103, 17, 1),
(104, 18, 1),
(105, 19, 1),
(106, 75, 1),
(107, 78, 1),
(108, 80, 1),
(109, 82, 1),
(110, 83, 1),
(111, 133, 1),
(112, 136, 1),
(113, 137, 1),
(114, 140, 1),
(115, 144, 1),
(116, 194, 1),
(117, 196, 1),
(118, 198, 1),
(119, 200, 1),
(120, 202, 1),
(121, 203, 1),
(122, 254, 1),
(123, 257, 1),
(124, 259, 1),
(125, 261, 1),
(126, 262, 1),
(127, 264, 1),
(128, 24, 1),
(129, 73, 1),
(130, 142, 1),
(131, 313, 1),
(132, 315, 1),
(133, 317, 1),
(134, 320, 1),
(135, 324, 1),
(136, 376, 1),
(137, 378, 1),
(138, 380, 1),
(139, 282, 1),
(140, 284, 1),
(141, 433, 1),
(142, 436, 1),
(143, 438, 1),
(144, 442, 1),
(145, 444, 1),
(146, 494, 1),
(147, 497, 1),
(148, 499, 1),
(149, 501, 1),
(150, 503, 1),
(151, 546, 1),
(152, 548, 1),
(153, 550, 1),
(154, 553, 1),
(155, 555, 1),
(156, 594, 1),
(157, 597, 1),
(158, 599, 1),
(159, 601, 1),
(160, 604, 1),
(161, 741, 1),
(162, 744, 1),
(163, 745, 1),
(164, 747, 1),
(165, 748, 1),
(166, 786, 1),
(167, 789, 1),
(168, 791, 1),
(169, 794, 1),
(170, 796, 1),
(171, 978, 1),
(172, 980, 1),
(173, 982, 1),
(174, 984, 1),
(175, 986, 1),
(176, 1073, 1),
(177, 1075, 1),
(178, 1079, 1),
(179, 1082, 1),
(180, 1084, 1),
(181, 1169, 1),
(182, 1171, 1),
(183, 1173, 1),
(184, 1178, 1),
(185, 1180, 1),
(186, 1362, 1),
(187, 1364, 1),
(188, 1369, 1),
(189, 1370, 1),
(190, 1372, 1),
(191, 1457, 1),
(192, 1460, 1),
(193, 1463, 1),
(194, 1465, 1),
(195, 1468, 1),
(196, 1650, 1),
(197, 1653, 1),
(198, 1655, 1),
(199, 1657, 1),
(200, 1660, 1),
(201, 49, 11),
(202, 55, 11),
(203, 60, 11),
(204, 110, 11),
(205, 118, 11),
(206, 172, 11),
(207, 236, 11),
(208, 240, 11),
(209, 290, 11),
(210, 300, 11),
(211, 355, 11),
(212, 360, 11),
(213, 409, 11),
(214, 420, 11),
(215, 465, 11),
(216, 476, 11),
(217, 523, 11),
(218, 532, 11),
(219, 570, 11),
(220, 576, 11),
(221, 580, 11),
(222, 619, 11),
(223, 627, 11),
(224, 665, 11),
(225, 670, 11),
(226, 714, 11),
(227, 761, 11),
(228, 772, 11),
(229, 812, 11),
(230, 820, 11),
(231, 857, 11),
(232, 859, 11),
(233, 867, 11),
(234, 868, 11),
(235, 905, 11),
(236, 906, 11),
(237, 912, 11),
(238, 957, 11),
(239, 960, 11),
(240, 964, 11),
(241, 1010, 11),
(242, 1012, 11),
(243, 1049, 11),
(244, 1052, 11),
(245, 1055, 11),
(246, 1060, 11),
(247, 1097, 11),
(248, 1099, 11),
(249, 1105, 11),
(250, 1108, 11),
(251, 1149, 11),
(252, 1153, 11),
(253, 1194, 11),
(254, 1199, 11),
(255, 1120, 11),
(256, 1244, 11),
(257, 1250, 11),
(258, 1290, 11),
(259, 1297, 11),
(260, 1300, 11),
(261, 1393, 11),
(262, 1396, 11),
(263, 1433, 11),
(264, 1481, 11),
(265, 1485, 11),
(266, 1490, 11),
(267, 1529, 11),
(268, 1530, 11),
(269, 1537, 11),
(270, 1583, 11),
(271, 1587, 11),
(272, 1627, 11),
(273, 1631, 11),
(274, 1675, 11),
(275, 1678, 11),
(276, 1680, 11),
(277, 1716, 11),
(278, 1724, 11),
(279, 1749, 11),
(280, 1753, 11),
(281, 1788, 11),
(282, 1791, 11),
(283, 1822, 11),
(284, 1827, 11),
(285, 1858, 11),
(286, 1862, 11),
(287, 1863, 11),
(288, 1898, 11),
(289, 1900, 11),
(290, 1903, 11),
(291, 1930, 11),
(292, 1933, 11),
(293, 1965, 11),
(294, 1968, 11),
(295, 1970, 11),
(296, 1971, 11),
(297, 1994, 11),
(298, 1998, 11),
(299, 2000, 11),
(300, 1931, 11),
(301, 13, 8),
(302, 15, 8),
(303, 17, 8),
(304, 18, 8),
(305, 19, 8),
(306, 75, 8),
(307, 78, 8),
(308, 80, 8),
(309, 82, 8),
(310, 83, 8),
(311, 133, 8),
(312, 136, 8),
(313, 137, 8),
(314, 140, 8),
(315, 144, 8),
(316, 194, 8),
(317, 196, 8),
(318, 198, 8),
(319, 200, 8),
(320, 202, 8),
(321, 203, 8),
(322, 254, 8),
(323, 257, 8),
(324, 259, 8),
(325, 261, 8),
(326, 262, 8),
(327, 264, 8),
(328, 24, 8),
(329, 73, 8),
(330, 142, 8),
(331, 313, 8),
(332, 315, 8),
(333, 317, 8),
(334, 320, 8),
(335, 324, 8),
(336, 376, 8),
(337, 378, 8),
(338, 380, 8),
(339, 282, 8),
(340, 284, 8),
(341, 433, 8),
(342, 436, 8),
(343, 438, 8),
(344, 442, 8),
(345, 494, 8),
(346, 444, 8),
(347, 497, 8),
(348, 499, 8),
(349, 501, 8),
(350, 503, 8),
(351, 546, 8),
(352, 550, 8),
(353, 555, 8),
(354, 553, 8),
(355, 594, 8),
(356, 597, 8),
(357, 599, 8),
(358, 601, 8),
(359, 604, 8),
(360, 741, 8),
(361, 744, 8),
(362, 745, 8),
(363, 747, 8),
(364, 786, 8),
(365, 789, 8),
(366, 791, 8),
(367, 794, 8),
(368, 1075, 8),
(369, 1079, 8),
(370, 1082, 8),
(371, 1084, 8),
(372, 1180, 8),
(373, 1169, 8),
(374, 1171, 8),
(375, 1173, 8),
(574, 1085, 1),
(597, 1932, 11);

-- --------------------------------------------------------

--
-- Table structure for table `Books`
--

CREATE TABLE `Books` (
  `b_id` int(11) NOT NULL,
  `price` int(11) NOT NULL,
  `occupied` varchar(3) DEFAULT NULL
) ENGINE=InnoDB DEFAULT CHARSET=utf8mb4 COLLATE=utf8mb4_general_ci;

--
-- Dumping data for table `Books`
--

INSERT INTO `Books` (`b_id`, `price`, `occupied`) VALUES
(1, 40, 'yes'),
(2, 40, 'yes'),
(3, 40, 'yes'),
(4, 40, 'yes'),
(5, 40, 'yes'),
(6, 40, 'yes'),
(7, 40, 'yes'),
(8, 40, 'yes'),
(9, 40, 'yes'),
(10, 40, 'yes'),
(11, 40, 'yes'),
(12, 40, 'yes'),
(13, 40, 'yes'),
(14, 40, 'yes'),
(15, 40, 'yes'),
(16, 40, 'yes'),
(17, 40, 'yes'),
(18, 40, 'yes'),
(19, 40, 'yes'),
(20, 40, 'yes'),
(21, 40, 'yes'),
(22, 40, 'yes'),
(23, 40, 'yes'),
(24, 40, 'yes'),
(25, 40, 'yes'),
(26, 40, 'yes'),
(27, 40, 'yes'),
(28, 40, 'yes'),
(29, 40, 'yes'),
(30, 40, 'yes'),
(31, 40, 'yes'),
(32, 40, 'yes'),
(33, 40, 'yes'),
(34, 40, 'yes'),
(35, 40, 'yes'),
(36, 40, 'yes'),
(37, 40, 'yes'),
(38, 40, 'yes'),
(39, 40, 'yes'),
(40, 40, 'yes'),
(41, 40, 'yes'),
(42, 40, 'yes'),
(43, 40, 'yes'),
(44, 40, 'yes'),
(45, 40, 'yes'),
(46, 40, 'yes'),
(47, 40, 'yes'),
(48, 40, 'yes'),
(49, 40, 'yes'),
(50, 40, 'yes'),
(51, 40, 'yes'),
(52, 40, 'yes'),
(53, 40, 'yes'),
(54, 40, 'yes'),
(55, 40, 'yes'),
(56, 40, 'yes'),
(57, 40, 'yes'),
(58, 40, 'yes'),
(59, 40, 'yes'),
(60, 40, 'yes'),
(61, 40, 'yes'),
(62, 40, 'yes'),
(63, 40, 'yes'),
(64, 40, 'yes'),
(65, 40, 'yes'),
(66, 40, 'yes'),
(67, 40, 'yes'),
(68, 40, 'yes'),
(69, 40, 'yes'),
(70, 40, 'yes'),
(71, 40, 'yes'),
(72, 40, 'yes'),
(73, 40, 'yes'),
(74, 40, 'yes'),
(75, 40, 'yes'),
(76, 40, 'yes'),
(77, 40, 'yes'),
(78, 40, 'yes'),
(79, 40, 'yes'),
(80, 40, 'yes'),
(81, 40, 'yes'),
(82, 40, 'yes'),
(83, 40, 'yes'),
(84, 40, 'yes'),
(85, 40, 'yes'),
(86, 40, 'yes'),
(87, 40, 'yes'),
(88, 40, 'yes'),
(89, 40, 'yes'),
(90, 40, 'yes'),
(91, 40, 'yes'),
(92, 40, 'yes'),
(93, 40, 'yes'),
(94, 40, 'yes'),
(95, 40, 'yes'),
(96, 40, 'yes'),
(97, 40, 'yes'),
(98, 40, 'yes'),
(99, 40, 'yes'),
(100, 40, 'yes'),
(101, 45, 'yes'),
(102, 45, 'yes'),
(103, 45, 'yes'),
(104, 45, 'yes'),
(105, 45, 'yes'),
(106, 45, 'yes'),
(107, 45, 'yes'),
(108, 45, 'yes'),
(109, 45, 'yes'),
(110, 45, 'yes'),
(111, 45, 'yes'),
(112, 45, 'yes'),
(113, 45, 'yes'),
(114, 45, 'yes'),
(115, 45, 'yes'),
(116, 45, 'yes'),
(117, 45, 'yes'),
(118, 45, 'yes'),
(119, 45, 'yes'),
(120, 45, 'yes'),
(121, 45, 'yes'),
(122, 45, 'yes'),
(123, 45, 'yes'),
(124, 45, 'yes'),
(125, 45, 'yes'),
(126, 45, 'yes'),
(127, 45, 'yes'),
(128, 45, 'yes'),
(129, 45, 'yes'),
(130, 45, 'yes'),
(131, 45, 'yes'),
(132, 45, 'yes'),
(133, 45, 'yes'),
(134, 45, 'yes'),
(135, 45, 'yes'),
(136, 45, 'yes'),
(137, 45, 'yes'),
(138, 45, 'yes'),
(139, 45, 'yes'),
(140, 45, 'yes'),
(141, 45, 'yes'),
(142, 45, 'yes'),
(143, 45, 'yes'),
(144, 45, 'yes'),
(145, 45, 'yes'),
(146, 45, 'yes'),
(147, 45, 'yes'),
(148, 45, 'yes'),
(149, 45, 'yes'),
(150, 45, 'yes'),
(151, 45, 'yes'),
(152, 45, 'yes'),
(153, 45, 'yes'),
(154, 45, 'yes'),
(155, 45, 'yes'),
(156, 45, 'yes'),
(157, 45, 'yes'),
(158, 45, 'yes'),
(159, 45, 'yes'),
(160, 45, 'yes'),
(161, 45, 'yes'),
(162, 45, 'yes'),
(163, 45, 'yes'),
(164, 45, 'yes'),
(165, 45, 'yes'),
(166, 45, 'yes'),
(167, 45, 'yes'),
(168, 45, 'yes'),
(169, 45, 'yes'),
(170, 45, 'yes'),
(171, 45, 'yes'),
(172, 45, 'yes'),
(173, 45, 'yes'),
(174, 45, 'yes'),
(175, 45, 'yes'),
(176, 45, 'yes'),
(177, 45, 'yes'),
(178, 45, 'yes'),
(179, 45, 'yes'),
(180, 45, 'yes'),
(181, 45, 'yes'),
(182, 45, 'yes'),
(183, 45, 'yes'),
(184, 45, 'yes'),
(185, 45, 'yes'),
(186, 45, 'yes'),
(187, 45, 'yes'),
(188, 45, 'yes'),
(189, 45, 'yes'),
(190, 45, 'yes'),
(191, 45, 'yes'),
(192, 45, 'yes'),
(193, 45, 'yes'),
(194, 45, 'yes'),
(195, 45, 'yes'),
(196, 45, 'yes'),
(197, 45, 'yes'),
(198, 45, 'yes'),
(199, 45, 'yes'),
(200, 45, 'yes'),
(201, 50, 'yes'),
(202, 50, 'yes'),
(203, 50, 'yes'),
(204, 50, 'yes'),
(205, 50, 'yes'),
(206, 50, 'yes'),
(207, 50, 'yes'),
(208, 50, 'yes'),
(209, 50, 'yes'),
(210, 50, 'yes'),
(211, 50, 'yes'),
(212, 50, 'yes'),
(213, 50, 'yes'),
(214, 50, 'yes'),
(215, 50, 'yes'),
(216, 50, 'yes'),
(217, 50, 'yes'),
(218, 50, 'yes'),
(219, 50, 'yes'),
(220, 50, 'yes'),
(221, 50, 'yes'),
(222, 50, 'yes'),
(223, 50, 'yes'),
(224, 50, 'yes'),
(225, 50, 'yes'),
(226, 50, 'yes'),
(227, 50, 'yes'),
(228, 50, 'yes'),
(229, 50, 'yes'),
(230, 50, 'yes'),
(231, 50, 'yes'),
(232, 50, 'yes'),
(233, 50, 'yes'),
(234, 50, 'yes'),
(235, 50, 'yes'),
(236, 50, 'yes'),
(237, 50, 'yes'),
(238, 50, 'yes'),
(239, 50, 'yes'),
(240, 50, 'yes'),
(241, 50, 'yes'),
(242, 50, 'yes'),
(243, 50, 'yes'),
(244, 50, 'yes'),
(245, 50, 'yes'),
(246, 50, 'yes'),
(247, 50, 'yes'),
(248, 50, 'yes'),
(249, 50, 'yes'),
(250, 50, 'yes'),
(251, 50, 'yes'),
(252, 50, 'yes'),
(253, 50, 'yes'),
(254, 50, 'yes'),
(255, 50, 'yes'),
(256, 50, 'yes'),
(257, 50, 'yes'),
(258, 50, 'yes'),
(259, 50, 'yes'),
(260, 50, 'yes'),
(261, 50, 'yes'),
(262, 50, 'yes'),
(263, 50, 'yes'),
(264, 50, 'yes'),
(265, 50, 'yes'),
(266, 50, 'yes'),
(267, 50, 'yes'),
(268, 50, 'yes'),
(269, 50, 'yes'),
(270, 50, 'yes'),
(271, 50, 'yes'),
(272, 50, 'yes'),
(273, 50, 'yes'),
(274, 50, 'yes'),
(275, 50, 'yes'),
(276, 50, 'yes'),
(277, 50, 'yes'),
(278, 50, 'yes'),
(279, 50, 'yes'),
(280, 50, 'yes'),
(281, 50, 'yes'),
(282, 50, 'yes'),
(283, 50, 'yes'),
(284, 50, 'yes'),
(285, 50, 'yes'),
(286, 50, 'yes'),
(287, 50, 'yes'),
(288, 50, 'yes'),
(289, 50, 'yes'),
(290, 50, 'yes'),
(291, 50, 'yes'),
(292, 50, 'yes'),
(293, 50, 'yes'),
(294, 50, 'yes'),
(295, 50, 'yes'),
(296, 50, 'yes'),
(297, 50, 'yes'),
(298, 50, 'yes'),
(299, 50, 'yes'),
(300, 50, 'yes'),
(301, 60, 'yes'),
(302, 60, 'yes'),
(303, 60, 'yes'),
(304, 60, 'yes'),
(305, 60, 'yes'),
(306, 60, 'yes'),
(307, 60, 'yes'),
(308, 60, 'yes'),
(309, 60, 'yes'),
(310, 60, 'yes'),
(311, 60, 'yes'),
(312, 60, 'yes'),
(313, 60, 'yes'),
(314, 60, 'yes'),
(315, 60, 'yes'),
(316, 60, 'yes'),
(317, 60, 'yes'),
(318, 60, 'yes'),
(319, 60, 'yes'),
(320, 60, 'yes'),
(321, 60, 'yes'),
(322, 60, 'yes'),
(323, 60, 'yes'),
(324, 60, 'yes'),
(325, 60, 'yes'),
(326, 60, 'yes'),
(327, 60, 'yes'),
(328, 60, 'yes'),
(329, 60, 'yes'),
(330, 60, 'yes'),
(331, 60, 'yes'),
(332, 60, 'yes'),
(333, 60, 'yes'),
(334, 60, 'yes'),
(335, 60, 'yes'),
(336, 60, 'yes'),
(337, 60, 'yes'),
(338, 60, 'yes'),
(339, 60, 'yes'),
(340, 60, 'yes'),
(341, 60, 'yes'),
(342, 60, 'yes'),
(343, 60, 'yes'),
(344, 60, 'yes'),
(345, 60, 'yes'),
(346, 60, 'yes'),
(347, 60, 'yes'),
(348, 60, 'yes'),
(349, 60, 'yes'),
(350, 60, 'yes'),
(351, 60, 'yes'),
(352, 60, 'yes'),
(353, 60, 'yes'),
(354, 60, 'yes'),
(355, 60, 'yes'),
(356, 60, 'yes'),
(357, 60, 'yes'),
(358, 60, 'yes'),
(359, 60, 'yes'),
(360, 60, 'yes'),
(361, 60, 'yes'),
(362, 60, 'yes'),
(363, 60, 'yes'),
(364, 60, 'yes'),
(365, 60, 'yes'),
(366, 60, 'yes'),
(367, 60, 'yes'),
(368, 60, 'yes'),
(369, 60, 'yes'),
(370, 60, 'yes'),
(371, 60, 'yes'),
(372, 60, 'yes'),
(373, 60, 'yes'),
(374, 60, 'yes'),
(375, 60, 'yes'),
(376, 50, 'no'),
(377, 60, 'no'),
(378, 45, 'no'),
(379, 50, 'no'),
(380, 45, 'no'),
(381, 60, 'no'),
(382, 45, 'no'),
(383, 45, 'no'),
(384, 50, 'no'),
(385, 60, 'no'),
(386, 50, 'no'),
(387, 45, 'no'),
(388, 45, 'no'),
(389, 45, 'no'),
(390, 60, 'no'),
(391, 60, 'no'),
(392, 45, 'no'),
(393, 45, 'no'),
(394, 50, 'no'),
(395, 60, 'no'),
(396, 45, 'no'),
(397, 60, 'no'),
(398, 45, 'no'),
(399, 60, 'no'),
(400, 45, 'no'),
(401, 45, 'no'),
(402, 60, 'no'),
(403, 45, 'no'),
(404, 45, 'no'),
(405, 45, 'no'),
(406, 50, 'no'),
(407, 50, 'no'),
(408, 50, 'no'),
(409, 50, 'no'),
(410, 50, 'no'),
(411, 45, 'no'),
(412, 60, 'no'),
(413, 45, 'no'),
(414, 45, 'no'),
(415, 50, 'no'),
(416, 60, 'no'),
(417, 60, 'no'),
(418, 60, 'no'),
(419, 60, 'no'),
(420, 50, 'no'),
(421, 50, 'no'),
(422, 50, 'no'),
(423, 50, 'no'),
(424, 45, 'no'),
(425, 45, 'no'),
(426, 60, 'no'),
(427, 50, 'no'),
(428, 60, 'no'),
(429, 50, 'no'),
(430, 60, 'no'),
(431, 50, 'no'),
(432, 60, 'no'),
(433, 45, 'no'),
(434, 45, 'no'),
(435, 45, 'no'),
(436, 60, 'no'),
(437, 60, 'no'),
(438, 45, 'no'),
(439, 50, 'no'),
(440, 50, 'no'),
(441, 60, 'no'),
(442, 45, 'no'),
(443, 60, 'no'),
(444, 60, 'no'),
(445, 45, 'no'),
(446, 50, 'no'),
(447, 50, 'no'),
(448, 50, 'no'),
(449, 60, 'no'),
(450, 60, 'no'),
(451, 45, 'no'),
(452, 50, 'no'),
(453, 60, 'no'),
(454, 50, 'no'),
(455, 45, 'no'),
(456, 60, 'no'),
(457, 50, 'no'),
(458, 50, 'no'),
(459, 60, 'no'),
(460, 45, 'no'),
(461, 60, 'no'),
(462, 45, 'no'),
(463, 60, 'no'),
(464, 45, 'no'),
(465, 50, 'no'),
(466, 60, 'no'),
(467, 50, 'no'),
(468, 60, 'no'),
(469, 60, 'no'),
(470, 60, 'no'),
(471, 50, 'no'),
(472, 50, 'no'),
(473, 50, 'no'),
(474, 60, 'no'),
(475, 50, 'no'),
(476, 45, 'no'),
(477, 50, 'no'),
(478, 60, 'no'),
(479, 45, 'no'),
(480, 50, 'no'),
(481, 45, 'no'),
(482, 60, 'no'),
(483, 45, 'no'),
(484, 45, 'no'),
(485, 45, 'no'),
(486, 45, 'no'),
(487, 60, 'no'),
(488, 45, 'no'),
(489, 50, 'no'),
(490, 60, 'no'),
(491, 50, 'no'),
(492, 50, 'no'),
(493, 50, 'no'),
(494, 60, 'no'),
(495, 50, 'no'),
(496, 50, 'no'),
(497, 50, 'no'),
(498, 45, 'no'),
(499, 60, 'no'),
(500, 45, 'no'),
(501, 45, 'no'),
(502, 45, 'no'),
(503, 45, 'no'),
(504, 45, 'no'),
(505, 45, 'no'),
(506, 45, 'no'),
(507, 45, 'no'),
(508, 45, 'no'),
(509, 45, 'no'),
(510, 45, 'no'),
(511, 45, 'no'),
(512, 45, 'no'),
(513, 45, 'no'),
(514, 45, 'no'),
(515, 45, 'no'),
(516, 45, 'no'),
(517, 45, 'no'),
(518, 45, 'no'),
(519, 45, 'no'),
(520, 45, 'no'),
(521, 45, 'no'),
(522, 45, 'no'),
(523, 45, 'no'),
(524, 45, 'no'),
(525, 45, 'no'),
(526, 45, 'no'),
(527, 45, 'no'),
(528, 45, 'no'),
(529, 45, 'no'),
(530, 45, 'no'),
(531, 45, 'no'),
(532, 45, 'no'),
(533, 45, 'no'),
(534, 45, 'no'),
(535, 45, 'no'),
(536, 45, 'no'),
(537, 45, 'no'),
(538, 45, 'no'),
(539, 50, 'no'),
(540, 45, 'no'),
(541, 50, 'no'),
(542, 45, 'no'),
(543, 45, 'no'),
(544, 45, 'no'),
(545, 45, 'no'),
(546, 45, 'no'),
(547, 45, 'no'),
(548, 60, 'no'),
(549, 45, 'no'),
(550, 45, 'no'),
(551, 45, 'no'),
(552, 45, 'no'),
(553, 45, 'no'),
(554, 45, 'no'),
(555, 45, 'no'),
(556, 45, 'no'),
(557, 45, 'no'),
(558, 45, 'no'),
(559, 45, 'no'),
(560, 45, 'no'),
(561, 45, 'no'),
(562, 45, 'no'),
(563, 45, 'no'),
(564, 45, 'no'),
(565, 45, 'no'),
(566, 45, 'no'),
(567, 45, 'no'),
(568, 45, 'no'),
(569, 45, 'no'),
(570, 50, 'no'),
(571, 50, 'no'),
(572, 50, 'no'),
(573, 50, 'no'),
(574, 45, 'yes'),
(575, 50, 'no'),
(576, 50, 'no'),
(577, 50, 'no'),
(578, 50, 'no'),
(579, 50, 'no'),
(580, 50, 'no'),
(581, 50, 'no'),
(582, 50, 'no'),
(583, 50, 'no'),
(584, 50, 'no'),
(585, 50, 'no'),
(586, 50, 'no'),
(587, 50, 'no'),
(588, 50, 'no'),
(589, 50, 'no'),
(590, 50, 'no'),
(591, 50, 'no'),
(592, 50, 'no'),
(593, 50, 'no'),
(594, 50, 'no'),
(595, 50, 'no'),
(596, 50, 'no'),
(597, 50, 'yes'),
(598, 50, 'no'),
(599, 50, 'no');

-- --------------------------------------------------------

--
-- Table structure for table `customer`
--

CREATE TABLE `customer` (
  `person_id` int(11) NOT NULL,
  `c_name` varchar(15) DEFAULT NULL,
  `surname` varchar(15) DEFAULT NULL,
  `age` int(11) DEFAULT NULL,
  `city` varchar(15) DEFAULT NULL,
  `country` varchar(15) DEFAULT NULL
) ENGINE=InnoDB DEFAULT CHARSET=utf8mb4 COLLATE=utf8mb4_general_ci;

--
-- Dumping data for table `customer`
--

INSERT INTO `customer` (`person_id`, `c_name`, `surname`, `age`, `city`, `country`) VALUES
(1, 'Dyna', 'Scollick', 16, 'İstanbul', 'Turkey'),
(2, 'Winfred', 'Batey', 25, 'İstanbul', 'Turkey'),
(3, 'Sibley', 'Etuck', 13, 'İstanbul', 'Turkey'),
(4, 'Robena', 'Crow', 24, 'Ankara', 'Turkey'),
(5, 'Vidovik', 'O\' Driscoll', 35, 'Ankara', 'Turkey'),
(6, 'Laurie', 'Coupland', 26, 'Ankara', 'Turkey'),
(7, 'Adair', 'Jerg', 47, 'Ankara', 'Turkey'),
(8, 'Ede', 'Wixon', 58, 'İstanbul', 'Turkey'),
(9, 'Dacia', 'Erdely', 19, 'İstanbul', 'Turkey'),
(10, 'Steward', 'Legrice', 10, 'Ankara', 'Turkey'),
(11, 'Rand', 'Brixey', 11, 'İstanbul', 'Turkey'),
(12, 'Joceline', 'Rafferty', 12, 'Ankara', 'Turkey'),
(13, 'Augusta', 'Murfin', 13, 'İstanbul', 'Turkey'),
(14, 'Mallory', 'Lendrem', 14, 'İstanbul', 'Turkey'),
(15, 'Kym', 'Vanderplas', 18, 'Ankara', 'Turkey'),
(16, 'Britt', 'Dassindale', 18, 'İstanbul', 'Turkey'),
(17, 'Clywd', 'Bruni', 17, 'Ankara', 'Turkey'),
(18, 'Shoshana', 'Wanderschek', 18, 'İstanbul', 'Turkey'),
(19, 'Lemar', 'Cure', 19, 'Ankara', 'Turkey'),
(20, 'Ernie', 'Quickfall', 20, 'Ankara', 'Turkey'),
(21, 'Alvan', 'O\'Luby', 20, 'İstanbul', 'Turkey'),
(22, 'Elmo', 'Tommasetti', 29, 'Eskişehir', 'Turkey'),
(23, 'Angel', 'McCraw', 23, 'İstanbul', 'Turkey'),
(24, 'Dominic', 'Thorneley', 24, 'İstanbul', 'Turkey'),
(25, 'Theobald', 'Beville', 25, 'İstanbul', 'Turkey'),
(26, 'Dru', 'Awde', 26, 'İzmir', 'Turkey'),
(27, 'Marcie', 'Galilee', 27, 'İstanbul', 'Turkey'),
(28, 'Grace', 'Lamcken', 28, 'İstanbul', 'Turkey'),
(29, 'Katherine', 'Parlot', 29, 'İzmir', 'Turkey'),
(30, 'Willard', 'Braisted', 30, 'Ankara', 'Turkey'),
(31, 'Lucius', 'Battaille', 31, 'Ankara', 'Turkey'),
(32, 'Cristine', 'Grafton-Herbert', 32, 'İzmir', 'Turkey'),
(33, 'Gray', 'Tarplee', 33, 'İzmir', 'Turkey'),
(34, 'Evvie', 'Ryall', 34, 'İzmir', 'Turkey'),
(35, 'Hilary', 'Alexis', 35, 'İstanbul', 'Turkey'),
(36, 'Glenn', 'Drysdall', 36, 'Bursa', 'Turkey'),
(37, 'Tracey', 'Grevatt', 37, 'Adana', 'Turkey'),
(38, 'Chip', 'Lurcock', 38, 'Eskişehir', 'Turkey'),
(39, 'Godfrey', 'Camelin', 39, 'Kütahya', 'Turkey'),
(40, 'Amity', 'Frichley', 40, 'İzmir', 'Turkey'),
(41, 'Thorstein', 'Saer', 41, 'Ankara', 'Turkey'),
(42, 'Orel', 'Sugge', 42, 'Ankara', 'Turkey'),
(43, 'Carlie', 'Hartzogs', 43, 'İzmir', 'Turkey'),
(44, 'Fredia', 'Matic', 44, 'İzmir', 'Turkey'),
(45, 'Kincaid', 'Iglesiaz', 45, 'İzmir', 'Turkey'),
(46, 'Ermin', 'Bartoszewski', 46, 'Ankara', 'Turkey'),
(47, 'Jojo', 'Izzat', 47, 'İstanbul', 'Turkey'),
(48, 'Matthias', 'Butchard', 48, 'Ankara', 'Turkey'),
(49, 'Christoph', 'Arnolds', 49, 'İstanbul', 'Turkey'),
(50, 'Arman', 'Fydo', 50, 'İzmir', 'Turkey'),
(51, 'Moritz', ' Finan', 51, 'İstanbul', 'Turkey'),
(52, 'Lorianna', 'Roofe', 52, 'İzmir', 'Turkey'),
(53, 'Tresa', 'Plaistowe', 53, 'İstanbul', 'Turkey'),
(54, 'Prince', 'Matussow', 54, 'İstanbul', 'Turkey'),
(55, 'Ameline', 'Gulc', 55, 'İstanbul', 'Turkey'),
(56, 'Kristine', 'Benck', 56, 'İstanbul', 'Turkey'),
(57, 'Mariejeanne', 'Balcon', 57, 'İstanbul', 'Turkey'),
(58, 'Hendrick', 'Moncreiffe', 58, 'Ankara', 'Turkey'),
(59, 'Korney', 'Serrurier', 59, 'İzmir', 'Turkey'),
(60, 'Rich', 'Corner', 60, 'İzmir', 'Turkey'),
(61, 'Vick', 'Zarb', 60, 'İzmir', 'Turkey'),
(62, 'Sergei', 'Geere', 62, 'İstanbul', 'Turkey'),
(63, 'Latisha', 'Bavage', 63, 'İstanbul', 'Turkey'),
(64, 'Theo', 'Prall', 64, 'İzmir', 'Turkey'),
(65, 'Milzie', 'Othen', 65, 'İzmir', 'Turkey'),
(66, 'Galen', 'Wyant', 66, 'Samsun', 'Turkey'),
(67, 'Kirsteni', 'Whickman', 67, 'Tekirdağ', 'Turkey'),
(68, 'Nial', 'Yarnold', 60, 'Bursa', 'Turkey'),
(69, 'Denver', 'Dalliwater', 60, 'İstanbul', 'Turkey'),
(70, 'Corbie', 'Chatterton', 70, 'İstanbul', 'Turkey'),
(71, 'Aloisia', 'Sidary', 71, 'İzmir', 'Turkey'),
(72, 'Paola', 'Bossingham', 72, 'Ankara', 'Turkey'),
(73, 'Pavel', 'Cicutto', 23, 'İstanbul', 'Turkey'),
(74, 'Rodolfo', 'De la Perrelle', 36, 'İstanbul', 'Turkey'),
(75, 'Bronson', 'Grenshields', 36, 'Ankara', 'Turkey'),
(76, 'Jermain', 'Earie', 42, 'İstanbul', 'Turkey'),
(77, 'Tara', 'Snartt', 49, 'İstanbul', 'Turkey'),
(78, 'Leona', 'Goudard', 25, 'Antalya', 'Turkey'),
(79, 'Tracey', 'Boddymead', 63, 'Muğla', 'Turkey'),
(80, 'Huntlee', 'Rispine', 80, 'Muğla', 'Turkey'),
(81, 'Frances', 'Mariot', 17, 'İzmir', 'Turkey'),
(82, 'Welbie', 'Bernardotti', 17, 'Adana', 'Turkey'),
(83, 'Alvina', 'Cardenas', 63, 'Adana', 'Turkey'),
(84, 'Georgianna', ' Sullivan', 20, 'Adana', 'Turkey'),
(85, 'Eliot', 'Lowde', 20, 'Ankara', 'Turkey'),
(86, 'Nanci', 'Armfirld', 20, 'Ankara', 'Turkey'),
(87, 'Flinn', 'Crecy', 21, 'İstanbul', 'Turkey'),
(88, 'Darbee', 'Crews', 19, 'İstanbul', 'Turkey'),
(89, 'Terrance', 'Royce', 19, 'İstanbul', 'Turkey'),
(90, 'Leroy', 'Elgood', 12, 'İstanbul', 'Turkey'),
(91, 'Thaddeus', 'Butlin', 78, 'İstanbul', 'Turkey'),
(92, 'Corbin', 'Gallahar', 9, 'İstanbul', 'Turkey'),
(93, 'Wilma', 'Sisselot', 9, 'Eskişehir', 'Turkey'),
(94, 'Bartholomeo', 'Jeannin', 9, 'Eskişehir', 'Turkey'),
(95, 'Georgy', 'Burgoyne', 10, 'Kütahya', 'Turkey'),
(96, 'Faye', 'Axup', 96, 'Bursa', 'Turkey'),
(97, 'Kristien', 'Rodgerson', 97, 'Bursa', 'Turkey'),
(98, 'Pauly', 'Wilkinson', 30, 'Mersin', 'Turkey'),
(99, 'Kessiah', 'Monson', 20, 'Afyonkarahisar', 'Turkey'),
(100, 'Justis', 'Comer', 19, 'İstanbul', 'Turkey'),
(101, 'Gamaliel', 'Gentner', 20, 'İstanbul', 'Turkey'),
(102, 'Quill', 'Tomaschke', 12, 'Ankara', 'Turkey'),
(103, 'Naoma', 'Perott', 13, 'Bursa', 'Turkey'),
(104, 'Lory', 'Bleasby', 14, 'İstanbul', 'Turkey'),
(105, 'Xena', 'Comellini', 15, 'İstanbul', 'Turkey'),
(106, 'Abramo', 'Crame', 16, 'Bursa', 'Turkey'),
(107, 'Germayne', 'Broadhead', 16, 'İstanbul', 'Turkey'),
(108, 'Klarrisa', 'Altree', 16, 'İstanbul', 'Turkey'),
(109, 'Windham', 'Mark', 16, 'İstanbul', 'Turkey'),
(110, 'Yvette', 'Linster', 16, 'Bursa', 'Turkey'),
(111, 'Ansel', 'Frizzell', 19, 'Antalya', 'Turkey'),
(112, 'Marty', 'Newlin', 19, 'Ankara', 'Turkey'),
(113, 'Cyrus', 'Eagleston', 19, 'Ankara', 'Turkey'),
(114, 'Maryanna', 'Citrine', 20, 'Ankara', 'Turkey'),
(115, 'Trixi', 'Brookhouse', 20, 'Ankara', 'Turkey'),
(116, 'Emmey', 'Schindler', 20, 'Adana', 'Turkey'),
(117, 'Barry', 'Ceschelli', 36, 'Sivas', 'Turkey'),
(118, 'Rachele', 'Seymark', 36, 'Trabzon', 'Turkey'),
(119, 'Maxine', 'Musker', 20, 'Manisa', 'Turkey'),
(120, 'Cherilynn', 'Labba', 8, 'Manisa', 'Turkey'),
(121, 'Allsun', 'McShirie', 21, 'Muğla', 'Turkey'),
(122, 'Aubrie', 'Nathon', 22, 'Aydın', 'Turkey'),
(123, 'Godard', 'Chastenet', 23, 'Balıkesir', 'Turkey'),
(124, 'Jana', 'Peoples', 24, 'Ankara', 'Turkey'),
(125, 'Rani', 'Nell', 25, 'Ankara', 'Turkey'),
(126, 'Tatiana', 'Coulling', 126, 'Ankara', 'Turkey'),
(127, 'Lanette', 'Yankov', 27, 'Ankara', 'Turkey'),
(128, 'Anselm', 'Petrou', 18, 'İzmir', 'Turkey'),
(129, 'Marlon', 'Wallice', 19, 'Ankara', 'Turkey'),
(130, 'Bondy', 'Winsper', 30, 'Ankara', 'Turkey'),
(131, 'Dion', 'Purrington', 11, 'İstanbul', 'Turkey'),
(132, 'Darsie', 'Carme', 12, 'İstanbul', 'Turkey'),
(133, 'Graig', 'Choulerton', 13, 'İstanbul', 'Turkey'),
(134, 'Mervin', 'Antonik', 13, 'İstanbul', 'Turkey'),
(135, 'Shelby', 'Behagg', 13, 'İstanbul', 'Turkey'),
(136, 'Annalee', 'Farley', 36, 'İstanbul', 'Turkey'),
(137, 'Sile', 'Took', 17, 'İstanbul', 'Turkey'),
(138, 'Paxon', 'Earthfield', 38, 'İstanbul', 'Turkey'),
(139, 'Kristy', 'Bearne', 19, 'İstanbul', 'Turkey'),
(140, 'Brose', 'Heathfield', 10, 'İstanbul', 'Turkey'),
(141, 'Cobbie', 'Klimontovich', 11, 'İstanbul', 'Turkey'),
(142, 'Heidie', 'Baitson', 12, 'İstanbul', 'Turkey'),
(143, 'Jamison', 'Grunguer', 43, 'İstanbul', 'Turkey'),
(144, 'Gregg', 'Dailly', 44, 'İstanbul', 'Turkey'),
(145, 'Gary', 'Snepp', 45, 'İstanbul', 'Turkey'),
(146, 'Shelbi', 'Stickells', 46, 'İstanbul', 'Turkey'),
(147, 'Cheslie', 'Tonkes', 17, 'İstanbul', 'Turkey'),
(148, 'Jojo', 'Ebbetts', 18, 'İstanbul', 'Turkey'),
(149, 'Evangeline', 'Judron', 49, 'İstanbul', 'Turkey'),
(150, 'Boycey', 'Greder', 10, 'Ankara', 'Turkey'),
(151, 'Kerrie', 'Olrenshaw', 51, 'İzmir', 'Turkey'),
(152, 'Darrelle', 'Huguet', 52, 'İzmir', 'Turkey'),
(153, 'Korie', 'Elcom', 13, 'İzmir', 'Turkey'),
(154, 'Kesley', 'Ludvigsen', 54, 'İzmir', 'Turkey'),
(155, 'Lurline', 'Rogeron', 55, 'İzmir', 'Turkey'),
(156, 'Ely', 'McGahey', 56, 'Eskişehir', 'Turkey'),
(157, 'Julio', 'Levicount', 57, 'Eskişehir', 'Turkey'),
(158, 'Barbabas', 'Peyro', 58, 'Manisa', 'Turkey'),
(159, 'Brunhilde', 'Flanne', 59, 'Mersin', 'Turkey'),
(160, 'Barr', 'Ring', 16, 'Aydın', 'Turkey'),
(161, 'Alric', 'Banville', 61, 'Kütahya', 'Turkey'),
(162, 'Stillmann', 'Westfalen', 62, 'Ankara', 'Turkey'),
(163, 'Essie', 'Reston', 13, 'İstanbul', 'Turkey'),
(164, 'Ericka', 'Riccetti', 64, 'İstanbul', 'Turkey'),
(165, 'Olvan', 'Benam', 65, 'Antalya', 'Turkey'),
(166, 'Kaitlyn', 'Lewerenz', 66, 'İstanbul', 'Turkey'),
(167, 'Carin', 'Parmley', 16, 'İstanbul', 'Turkey'),
(168, 'Caterina', 'Witherbed', 18, 'İstanbul', 'Turkey'),
(169, 'Bennie', 'Letford', 19, 'Bursa', 'Turkey'),
(170, 'Rutter', 'Phette', 17, 'İstanbul', 'Turkey'),
(171, 'Aaron', 'Banat', 17, 'İstanbul', 'Turkey'),
(172, 'Virgilio', 'Skeats', 20, 'İstanbul', 'Turkey'),
(173, 'Osmund', 'Dufore', 20, 'İstanbul', 'Turkey'),
(174, 'Alvira', 'Nodes', 29, 'İstanbul', 'Turkey'),
(175, 'Addia', 'Ivermee', 55, 'İzmir', 'Turkey'),
(176, 'Tamarra', 'Gylle', 28, 'Bursa', 'Turkey'),
(177, 'Durand', 'Hobgen', 28, 'İstanbul', 'Turkey'),
(179, 'Milty', 'Lerego', 28, 'İstanbul', 'Turkey'),
(180, 'Margaretha', 'Ridulfo', 40, 'İstanbul', 'Turkey'),
(181, 'Devi', 'Turbard', 49, 'İstanbul', 'Turkey'),
(182, 'Titus', 'Gaythwaite', 53, 'İstanbul', 'Turkey'),
(183, 'Andy', 'Davinet', 58, 'İstanbul', 'Turkey'),
(184, 'Ruthe', 'Dankov', 71, 'İstanbul', 'Turkey'),
(185, 'Charmaine', 'Parsell', 18, 'İstanbul', 'Turkey'),
(186, 'Emery', 'Spurdon', 18, 'İstanbul', 'Turkey'),
(187, 'Quinta', 'Sterrie', 17, 'İstanbul', 'Turkey'),
(188, 'Richard', 'Clackson', 18, 'İstanbul', 'Turkey'),
(189, 'Rusty', 'Zimmer', 18, 'Adana', 'Turkey'),
(190, 'Jeniece', 'Switland', 19, 'İstanbul', 'Turkey'),
(191, 'Addy', 'Aspden', 19, 'İstanbul', 'Turkey'),
(192, 'Ximenez', 'Joannic', 12, 'İstanbul', 'Turkey'),
(193, 'Sharon', 'Kenvin', 13, 'İstanbul', 'Turkey'),
(194, 'Olenolin', 'Flisher', 14, 'İstanbul', 'Turkey'),
(195, 'Ameline', 'Yewdall', 15, 'Ankara', 'Turkey'),
(196, 'Corney', 'Emmanueli', 19, 'Ankara', 'Turkey'),
(197, 'Dorthy', 'Shankland', 55, 'Bursa', 'Turkey'),
(198, 'Jeno', 'Orrow', 19, 'Bursa', 'Turkey'),
(199, 'Alysia', 'Thomasen', 19, 'Bursa', 'Turkey'),
(200, 'Tab', 'Strelitzer', 20, 'Ankara', 'Turkey'),
(201, 'Torey', 'Olding', 21, 'Ankara', 'Turkey'),
(202, 'Christiane', 'Malinowski', 22, 'Ankara', 'Turkey'),
(203, 'Rudolf', 'Sobieski', 23, 'İstanbul', 'Turkey'),
(204, 'Rafferty', 'Mickleburgh', 24, 'İstanbul', 'Turkey'),
(205, 'Tedie', 'Marnane', 20, 'İstanbul', 'Turkey'),
(206, 'Ulises', 'Hassard', 26, 'İstanbul', 'Turkey'),
(207, 'Bernadette', 'Baltrushaitis', 27, 'İstanbul', 'Turkey'),
(208, 'Dyanne', 'Milroy', 28, 'İstanbul', 'Turkey'),
(209, 'Burgess', 'Surgeon', 29, 'İstanbul', 'Turkey'),
(210, 'Jessamyn', 'Braunds', 20, 'İstanbul', 'Turkey'),
(211, 'Edan', 'Norcutt', 11, 'İstanbul', 'Turkey'),
(212, 'Alfredo', 'Bradick', 12, 'İstanbul', 'Turkey'),
(213, 'Neddie', 'Downes', 21, 'İstanbul', 'Turkey'),
(214, 'Louise', 'Nornable', 24, 'İstanbul', 'Turkey'),
(215, 'Cally', 'Edgerton', 25, 'İstanbul', 'Turkey'),
(216, 'Broderic', 'Longthorn', 16, 'İstanbul', 'Turkey'),
(217, 'Fritz', 'McIllrick', 21, 'İstanbul', 'Turkey'),
(218, 'Stanislaw', 'Kasparski', 28, 'Ankara', 'Turkey'),
(219, 'Osmund', 'Paxforde', 21, 'İstanbul', 'Turkey'),
(220, 'Gilligan', 'Smallacombe', 20, 'İstanbul', 'Turkey'),
(221, 'Alvina', 'Bernardt', 21, 'Adana', 'Turkey'),
(222, 'Debi', 'Linnemann', 22, 'İstanbul', 'Turkey'),
(223, 'Kate', 'Calder', 23, 'İstanbul', 'Turkey'),
(224, 'Neill', 'Goodread', 24, 'İstanbul', 'Turkey'),
(225, 'Reinald', 'Falconer', 25, 'İstanbul', 'Turkey'),
(226, 'Hakim', 'Veldman', 26, 'İstanbul', 'Turkey'),
(227, 'Wakefield', 'Broske', 22, 'İstanbul', 'Turkey'),
(228, 'Karleen', 'Elston', 28, 'İstanbul', 'Turkey'),
(229, 'Ryan', 'Honisch', 229, 'İstanbul', 'Turkey'),
(230, 'Derrik', 'Guildford', 30, 'Ankara', 'Turkey'),
(231, 'Ade', 'Ughelli', 231, 'Balıkesir', 'Turkey'),
(232, 'Darius', 'O\'Hearn', 32, 'İstanbul', 'Turkey'),
(233, 'Berta', 'Webland', 33, 'İstanbul', 'Turkey'),
(234, 'Gail', 'Tallow', 34, 'İzmir', 'Turkey'),
(235, 'Vidovic', 'Bothram', 35, 'İzmir', 'Turkey'),
(236, 'Hebert', 'Bandiera', 26, 'Bursa', 'Turkey'),
(237, 'Violette', 'O\'Geaney', 37, 'Denizli', 'Turkey'),
(238, 'Hector', 'Trowl', 28, 'Denizli', 'Turkey'),
(239, 'Goober', 'Bern', 39, 'Denizli', 'Turkey'),
(240, 'Oren', 'Paye', 24, 'Kütahya', 'Turkey'),
(241, 'Wyatt', 'Cropp', 21, 'Eskişehir', 'Turkey'),
(242, 'Aurelia', 'Chantillon', 22, 'Eskişehir', 'Turkey'),
(243, 'Paton', 'Chavey', 43, 'Bursa', 'Turkey'),
(244, 'Terri', 'Mildmott', 54, 'Mersin', 'Turkey'),
(245, 'Jennica', 'McGlaughn', 24, 'Van', 'Turkey'),
(246, 'Hortensia', 'Hackly', 29, 'Muş', 'Turkey'),
(247, 'Sheffie', 'Laterza', 27, 'Balıkesir', 'Turkey'),
(248, 'Eldin', 'Mangham', 30, 'Konya', 'Turkey'),
(249, 'Flin', 'Weins', 65, 'Trabzon', 'Turkey'),
(250, 'Cecilia', 'Garahan', 36, 'Samsun', 'Turkey'),
(251, 'Christopher', 'Goundsy', 66, 'İstanbul', 'Turkey'),
(252, 'Ema', 'Salmoni', 20, 'İstanbul', 'Turkey'),
(253, 'Cyrill', 'Damiral', 20, 'İstanbul', 'Turkey'),
(254, 'Alleyn', 'Shuttleworth', 51, 'İstanbul', 'Turkey'),
(255, 'Samson', 'Hawkshaw', 52, 'İstanbul', 'Turkey'),
(256, 'Jessa', 'Walter', 45, 'İstanbul', 'Turkey'),
(257, 'Heidi', 'Anstead', 70, 'İstanbul', 'Turkey'),
(258, 'Reinhold', 'Van Hault', 58, 'Uşak', 'Turkey'),
(259, 'Tansy', 'Tummond', 48, 'İstanbul', 'Turkey'),
(260, 'Deerdre', 'Eacott', 10, 'İzmir', 'Turkey'),
(261, 'Thomasa', 'Yeowell', 61, 'İstanbul', 'Turkey'),
(262, 'Morissa', 'Hoppner', 22, 'Uşak', 'Turkey'),
(263, 'Panchito', 'Paulitschke', 23, 'Kırklareli', 'Turkey'),
(264, 'Brett', 'Temperley', 64, 'Kırıkkale', 'Turkey'),
(265, 'Blythe', 'Pumphrey', 65, 'Tunceli', 'Turkey'),
(266, 'Shirlee', 'Lourenco', 26, 'Rize', 'Turkey'),
(267, 'Gladys', 'Trenholme', 27, 'Rize', 'Turkey'),
(268, 'Horatia', 'Suston', 28, 'Van', 'Turkey'),
(269, 'Wendye', 'Scraney', 26, 'Rize', 'Turkey'),
(270, 'Ludovika', 'Caldeiro', 20, 'Tunceli', 'Turkey'),
(271, 'Guthrie', 'Python', 27, 'Van', 'Turkey'),
(272, 'Brenn', 'Bathurst', 22, 'Hatay', 'Turkey'),
(273, 'Norry', 'Clemintoni', 23, 'Hakkari', 'Turkey'),
(274, 'Betsey', 'Askie', 24, 'Hatay', 'Turkey'),
(275, 'Raynor', 'Ibbison', 75, 'Hatay', 'Turkey'),
(276, 'Noland', 'Danovich', 76, 'Hatay', 'Turkey'),
(277, 'Hamid', 'Scanlin', 27, 'Balıkesir', 'Turkey'),
(278, 'Ian', 'Shoubridge', 28, 'İstanbul', 'Turkey'),
(279, 'Egbert', 'Blackly', 29, 'İstanbul', 'Turkey'),
(280, 'Niki', 'Spehr', 20, 'İstanbul', 'Turkey'),
(281, 'Roseann', 'Wardroper', 71, 'İstanbul', 'Turkey'),
(282, 'Wells', 'Dictus', 28, 'İstanbul', 'Turkey'),
(283, 'Jo', 'Elderbrant', 23, 'İstanbul', 'Turkey'),
(284, 'Burl', 'Burwood', 24, 'İstanbul', 'Turkey'),
(285, 'Marinna', 'Lankham', 25, 'İstanbul', 'Turkey'),
(286, 'Fanchon', 'Degoix', 44, 'İstanbul', 'Turkey'),
(287, 'Drud', 'Jiracek', 44, 'İstanbul', 'Turkey'),
(288, 'Edgard', 'Beeswing', 44, 'İstanbul', 'Turkey'),
(289, 'Thomasina', 'Geharke', 44, 'İstanbul', 'Turkey'),
(290, 'Brenn', 'Gerhardt', 77, 'İstanbul', 'Turkey'),
(291, 'Stearn', 'Voysey', 44, 'İstanbul', 'Turkey'),
(292, 'Sigismond', 'Giorgeschi', 44, 'İstanbul', 'Turkey'),
(293, 'Vanna', 'Kettlesting', 45, 'İstanbul', 'Turkey'),
(294, 'Bondy', 'De Simoni', 78, 'İstanbul', 'Turkey'),
(295, 'Irwin', 'Rapa', 77, 'İstanbul', 'Turkey'),
(296, 'Marys', 'Gwillim', 77, 'İstanbul', 'Turkey'),
(297, 'Cairistiona', 'Philpots', 77, 'İzmir', 'Turkey'),
(298, 'Early', 'Fairfoot', 66, 'Ankara', 'Turkey'),
(299, 'Garwood', 'Hedaux', 55, 'İzmir', 'Turkey'),
(300, 'Kerry', 'Hauch', 30, 'Ankara', 'Turkey'),
(301, 'Cindie', 'Itzkovich', 31, 'Muş', 'Turkey'),
(302, 'Emmalee', 'Darwen', 30, 'Muş', 'Turkey'),
(303, 'Teodora', 'Fransewich', 30, 'Kilis', 'Turkey'),
(304, 'Carmelia', 'Smidmor', 34, 'Hatay', 'Turkey'),
(305, 'Yasmin', 'Millea', 35, 'Adana', 'Turkey'),
(306, 'Linnet', 'Spurdle', 36, 'Ankara', 'Turkey'),
(307, 'Claus', 'Vickery', 30, 'Diyarbakır', 'Turkey'),
(308, 'Alayne', 'Busswell', 30, 'Diyarbakır', 'Turkey'),
(309, 'Brooke', 'McCafferty', 30, 'Yeniköy', 'Turkey'),
(310, 'Cesar', 'Widd', 31, 'Ankara', 'Turkey'),
(311, 'Siouxie', 'O\'Boyle', 31, 'İzmir', 'Turkey'),
(312, 'Glynnis', 'Fanton', 32, 'İzmir', 'Turkey'),
(313, 'Ferris', 'Chalder', 13, 'İzmir', 'Turkey'),
(314, 'Lars', 'Petrozzi', 34, 'Ankara', 'Turkey'),
(315, 'Reinaldo', 'Lukes', 15, 'Ankara', 'Turkey'),
(316, 'Theo', 'Duddy', 36, 'Ankara', 'Turkey'),
(317, 'Upton', 'Piegrome', 17, 'Ankara', 'Turkey'),
(318, 'May', 'Dirand', 18, 'Antalya', 'Turkey'),
(319, 'Marybelle', 'Scothorne', 19, 'Sivas', 'Turkey'),
(320, 'Archie', 'Mallows', 30, 'Samsun', 'Turkey'),
(321, 'Karisa', 'Demschke', 31, 'Uşak', 'Turkey'),
(322, 'Linell', 'Evers', 32, 'Ankara', 'Turkey'),
(323, 'Tessy', 'Camplen', 23, 'İzmir', 'Turkey'),
(324, 'Gaspard', 'Penfold', 24, 'İstanbul', 'Turkey'),
(325, 'Spense', 'Saywood', 45, 'İstanbul', 'Turkey'),
(326, 'Marni', 'Soares', 45, 'İzmir', 'Turkey'),
(327, 'Reuven', 'Castellani', 77, 'İstanbul', 'Turkey'),
(328, 'Templeton', 'McCrea', 77, 'İstanbul', 'Turkey'),
(329, 'Cecelia', 'Pirozzi', 50, 'İstanbul', 'Turkey'),
(330, 'Willette', 'Caldeiro', 51, 'İstanbul', 'Turkey'),
(331, 'Flossi', 'Syder', 31, 'İstanbul', 'Turkey'),
(332, 'Darci', 'De Caroli', 32, 'İstanbul', 'Turkey'),
(333, 'Fey', 'Stops', 51, 'Muş', 'Turkey'),
(334, 'Lauraine', 'Serchwell', 77, 'İstanbul', 'Turkey'),
(335, 'Hestia', 'Rediers', 69, 'İstanbul', 'Turkey'),
(336, 'Randie', 'Beedell', 77, 'Kütahya', 'Turkey'),
(337, 'Lilian', 'Lethem', 77, 'İstanbul', 'Turkey'),
(338, 'Thaxter', 'Ciotti', 20, 'İstanbul', 'Turkey'),
(339, 'Ronny', 'L\'argent', 20, 'İstanbul', 'Turkey'),
(340, 'Cesaro', 'Burrill', 20, 'İstanbul', 'Turkey'),
(341, 'Mabel', 'Beamish', 21, 'İstanbul', 'Turkey'),
(342, 'Jaimie', 'Connett', 21, 'İstanbul', 'Turkey'),
(343, 'Kassey', 'Durban', 21, 'İstanbul', 'Turkey'),
(344, 'Gasper', 'Blondell', 21, 'İstanbul', 'Turkey'),
(345, 'Henderson', 'Gerrill', 21, 'İstanbul', 'Turkey'),
(346, 'Flin', 'Maudson', 21, 'İstanbul', 'Turkey'),
(347, 'Maurie', 'Coot', 21, 'Samsun', 'Turkey'),
(348, 'Clay', 'Lyokhin', 21, 'İstanbul', 'Turkey'),
(349, 'Garth', 'Hebden', 21, 'İstanbul', 'Turkey'),
(350, 'Renaud', 'Bontein', 21, 'İstanbul', 'Turkey'),
(351, 'Jamie', 'Giacobazzi', 21, 'İstanbul', 'Turkey'),
(352, 'Hali', 'de Voiels', 26, 'İstanbul', 'Turkey'),
(353, 'Burr', 'Linkleter', 22, 'İstanbul', 'Turkey'),
(354, 'Lissy', 'Abadam', 25, 'İstanbul', 'Turkey'),
(355, 'Carley', 'Vanderplas', 55, 'İzmir', 'Turkey'),
(356, 'Ennis', 'Ungerecht', 52, 'İstanbul', 'Turkey'),
(357, 'Amery', 'Coverdill', 55, 'İstanbul', 'Turkey'),
(358, 'Gwenneth', 'Gromley', 77, 'İstanbul', 'Turkey'),
(359, 'Brandyn', 'Ollet', 77, 'İstanbul', 'Turkey'),
(360, 'Phyllys', 'Jolley', 77, 'İstanbul', 'Turkey'),
(361, 'Nanete', 'Albin', 77, 'İstanbul', 'Turkey'),
(362, 'Shae', 'Dunne', 7, 'İstanbul', 'Turkey'),
(363, 'Dorolisa', 'Spacy', 25, 'İstanbul', 'Turkey'),
(364, 'Orella', 'Packham', 25, 'İstanbul', 'Turkey'),
(365, 'Jdavie', 'Foxwell', 22, 'İstanbul', 'Turkey'),
(366, 'Fidole', 'Cirlos', 22, 'Bursa', 'Turkey'),
(367, 'Seamus', 'Jaze', 20, 'Adana', 'Turkey'),
(368, 'Carlye', 'Cursey', 22, 'Tekirdağ', 'Turkey'),
(369, 'Dasha', 'McHale', 20, 'Tekirdağ', 'Turkey'),
(370, 'Brianne', 'Ormonde', 20, 'Sakarya', 'Turkey'),
(371, 'Leandra', 'Mongeot', 52, 'Sivas', 'Turkey'),
(372, 'Jorge', 'Dupree', 25, 'Trabzon', 'Turkey'),
(373, 'Brennen', 'Dogg', 54, 'İzmir', 'Turkey'),
(374, 'Perle', 'Jouannisson', 34, 'Adana', 'Turkey'),
(375, 'Griswold', 'MacIlory', 63, 'Ankara', 'Turkey'),
(376, 'Currie', 'Pyke', 15, 'Ankara', 'Turkey'),
(377, 'Andria', 'Dowsing', 25, 'Ankara', 'Turkey'),
(378, 'Carlo', 'Pietesch', 20, 'Denizli', 'Turkey'),
(379, 'Koenraad', 'MacLaughlin', 21, 'İzmir', 'Turkey'),
(380, 'Viki', 'Swanne', 22, 'İstanbul', 'Turkey'),
(381, 'Cilka', 'D\'Adamo', 25, 'İstanbul', 'Turkey'),
(382, 'Torr', 'Maffetti', 26, 'İstanbul', 'Turkey'),
(383, 'Katey', 'Bow', 33, 'İstanbul', 'Turkey'),
(384, 'Alejandra', 'Grummitt', 42, 'Eskişehir', 'Turkey'),
(385, 'Cesar', 'Cowderay', 20, 'İstanbul', 'Turkey'),
(386, 'Win', 'Hewes', 20, 'İstanbul', 'Turkey'),
(387, 'Creighton', 'Bonevant', 20, 'İstanbul', 'Turkey'),
(388, 'Raychel', 'Croose', 36, 'İstanbul', 'Turkey'),
(389, 'Norman', 'Kuschek', 15, 'Ankara', 'Turkey'),
(390, 'Romy', 'Townsend', 19, 'Ankara', 'Turkey'),
(391, 'Cornie', 'Kennford', 16, 'İstanbul', 'Turkey'),
(392, 'Delora', 'Janak', 19, 'İstanbul', 'Turkey'),
(393, 'Clarita', 'Gotthard', 21, 'İstanbul', 'Turkey'),
(394, 'Johna', 'Coggles', 22, 'Ankara', 'Turkey'),
(395, 'Buckie', 'Hassur', 15, 'İstanbul', 'Turkey'),
(396, 'Filia', 'Darnbrook', 15, 'İstanbul', 'Turkey'),
(397, 'Abel', 'Heffer', 17, 'İstanbul', 'Turkey'),
(398, 'Kyle', 'Billows', 18, 'İstanbul', 'Turkey'),
(399, 'Brnaba', 'Moroney', 27, 'İstanbul', 'Turkey'),
(400, 'Winne', 'Heilds', 24, 'İstanbul', 'Turkey'),
(401, 'Laurianne', 'Barti', 26, 'İstanbul', 'Turkey'),
(402, 'Gerladina', 'Cotterrill', 29, 'İzmir', 'Turkey'),
(403, 'Emmey', 'MacCrann', 29, 'Tunceli', 'Turkey'),
(404, 'Antonin', 'Stilwell', 28, 'İstanbul', 'Turkey'),
(405, 'Lay', 'Kunath', 24, 'İstanbul', 'Turkey'),
(406, 'Ruthi', 'De Nisco', 25, 'İstanbul', 'Turkey'),
(407, 'Dame', 'LaBastida', 24, 'İstanbul', 'Turkey'),
(408, 'Jania', 'Segot', 25, 'Rize', 'Turkey'),
(409, 'Mic', 'Pavlenko', 26, 'Diyarbakır', 'Turkey'),
(410, 'Zuzana', 'Uwins', 24, 'Osmaniye', 'Turkey'),
(411, 'Delilah', 'Knightly', 36, 'Kilis', 'Turkey'),
(412, 'Dasie', 'Biskupek', 56, 'Hatay', 'Turkey'),
(413, 'Redford', 'Flag', 14, 'Hatay', 'Turkey'),
(414, 'Tull', 'Matteacci', 18, 'İstanbul', 'Turkey'),
(415, 'Fonzie', 'Jeffray', 19, 'İstanbul', 'Turkey'),
(416, 'Josie', 'Gauche', 25, 'İstanbul', 'Turkey'),
(417, 'Darleen', 'Lorentz', 25, 'İstanbul', 'Turkey'),
(418, 'Deane', 'Siege', 25, 'İstanbul', 'Turkey'),
(419, 'Granny', 'Slateford', 30, 'İstanbul', 'Turkey'),
(420, 'Hanna', 'MacFarlane', 26, 'İstanbul', 'Turkey'),
(421, 'Shanan', 'McGill', 13, 'İstanbul', 'Turkey'),
(422, 'Carolyn', 'Bradman', 13, 'İstanbul', 'Turkey'),
(423, 'Ruthanne', 'Hannigan', 11, 'İstanbul', 'Turkey'),
(424, 'Dorise', 'Ranyard', 17, 'Ankara', 'Turkey'),
(425, 'Freddi', 'Rist', 15, 'Ankara', 'Turkey'),
(426, 'Chelsie', 'Beckey', 15, 'İzmir', 'Turkey'),
(427, 'Jenny', 'Matijasevic', 14, 'Adana', 'Turkey'),
(428, 'Sander', 'Treadgold', 14, 'Ankara', 'Turkey'),
(429, 'Dannie', 'Waldrum', 16, 'Ankara', 'Turkey'),
(430, 'Salaidh', 'O\'Lennane', 16, 'Balıkesir', 'Turkey'),
(431, 'Hagan', 'Mathiot', 16, 'Ankara', 'Turkey'),
(432, 'Joana', 'Mangenot', 16, 'Manisa', 'Turkey'),
(433, 'Maddi', 'Watson', 16, 'Manisa', 'Turkey'),
(434, 'Bellanca', 'Geydon', 16, 'Manisa', 'Turkey'),
(435, 'Leicester', 'Raybould', 20, 'Mersin', 'Turkey'),
(436, 'Torre', 'Burras', 21, 'Muğla', 'Turkey'),
(437, 'Mile', 'Fincke', 22, 'Muğla', 'Turkey'),
(438, 'Tildi', 'Rodolf', 29, 'Mersin', 'Turkey'),
(439, 'Dennis', 'Thebeaud', 64, 'Adıyaman', 'Turkey'),
(440, 'Ralina', 'Clixby', 45, 'Giresun', 'Turkey'),
(441, 'Bennett', 'Rickasse', 56, 'Adıyaman', 'Turkey'),
(442, 'Nowell', 'Waycott', 14, 'Şanlıurfa', 'Turkey'),
(443, 'Burty', 'Edser', 14, 'Gaziantep', 'Turkey'),
(444, 'Robinette', 'Breinl', 17, 'Hatay', 'Turkey'),
(445, 'Layton', 'Killner', 21, 'Adana', 'Turkey'),
(446, 'Fletch', 'Girvin', 21, 'İstanbul', 'Turkey'),
(447, 'Rivy', 'Fuster', 46, 'Mersin', 'Turkey'),
(448, 'Kipp', 'Grinyov', 48, 'Samsun', 'Turkey'),
(449, 'Ive', 'Corradino', 39, 'Kütahya', 'Turkey'),
(450, 'Sher', 'McGing', 38, 'Ankara', 'Turkey'),
(451, 'Waylin', 'Hambrook', 17, 'Ankara', 'Turkey'),
(452, 'Jarrad', 'Marchment', 17, 'İstanbul', 'Turkey'),
(453, 'Cheryl', 'Emberson', 53, 'Antalya', 'Turkey'),
(454, 'Franz', 'Hedylstone', 17, 'Antalya', 'Turkey'),
(455, 'Deidre', 'Sellens', 45, 'İstanbul', 'Turkey'),
(456, 'Woodman', 'Noar', 46, 'İstanbul', 'Turkey'),
(457, 'Tanny', 'Milksop', 47, 'İstanbul', 'Turkey'),
(458, 'Elianora', 'Sharpley', 45, 'İstanbul', 'Turkey'),
(459, 'Beau', 'Bishell', 49, 'İstanbul', 'Turkey'),
(460, 'Cherilynn', 'Mantrip', 40, 'İstanbul', 'Turkey'),
(461, 'Rice', 'Swinn', 61, 'Rize', 'Turkey'),
(462, 'Traver', 'McMillan', 46, 'Trabzon', 'Turkey'),
(463, 'Melisande', 'Gallego', 78, 'İzmir', 'Turkey'),
(464, 'Lilllie', 'Howton', 12, 'İzmir', 'Turkey'),
(465, 'Alexandra', 'Buy', 17, 'İzmir', 'Turkey'),
(466, 'Montgomery', 'Sked', 19, 'Gaziantep', 'Turkey'),
(467, 'Hamel', 'Moehle', 20, 'Tunceli', 'Turkey'),
(468, 'Ximenes', 'Sturgeon', 25, 'İzmir', 'Turkey'),
(469, 'Pall', 'Bordis', 32, 'Rize', 'Turkey'),
(470, 'Farrel', 'Cunliffe', 19, 'İstanbul', 'Turkey'),
(471, 'Marietta', 'Ruberti', 19, 'İstanbul', 'Turkey'),
(472, 'Bernetta', 'Grzelczyk', 19, 'İstanbul', 'Turkey'),
(473, 'Mirella', 'Schoenrock', 19, 'İstanbul', 'Turkey'),
(474, 'Lynsey', 'Bramstom', 18, 'İzmir', 'Turkey'),
(475, 'Warren', 'Warmington', 21, 'İstanbul', 'Turkey'),
(476, 'Blakelee', 'Bulmer', 16, 'Yeşilköy', 'Turkey'),
(477, 'Vachel', 'MacCafferky', 15, 'Yeşilköy', 'Turkey'),
(478, 'Loralee', 'Shapiro', 478, 'Ovacik', 'Turkey'),
(479, 'Stanly', 'Godly', 14, 'Merkezköy', 'Turkey'),
(480, 'Terri-jo', 'Eustice', 56, 'Yeniköy', 'Turkey'),
(481, 'Hamish', 'Weald', 18, 'Yeşilköy', 'Turkey'),
(482, 'Marchall', 'Lambkin', 48, 'Ovacik', 'Turkey'),
(483, 'Leoline', 'Forton', 25, 'Yeniköy', 'Turkey'),
(484, 'Lon', 'Rushbrook', 36, 'İstanbul', 'Turkey'),
(485, 'Bryant', 'Latter', 29, 'İstanbul', 'Turkey'),
(486, 'Randie', 'Hayhow', 20, 'İstanbul', 'Turkey'),
(487, 'Addy', 'Wortt', 29, 'İstanbul', 'Turkey'),
(488, 'Nancie', 'Oldroyd', 65, 'İstanbul', 'Turkey'),
(489, 'Lindy', 'Simoneton', 12, 'İstanbul', 'Turkey'),
(490, 'Emilee', 'Moule', 25, 'İstanbul', 'Turkey'),
(491, 'Sheelagh', 'Cullon', 77, 'Ankara', 'Turkey'),
(492, 'Zaccaria', 'Croxall', 77, 'İstanbul', 'Turkey'),
(493, 'Terrance', 'Mangan', 24, 'İstanbul', 'Turkey'),
(494, 'Corbett', 'Crossgrove', 24, 'İstanbul', 'Turkey'),
(495, 'Jay', 'Howland', 20, 'İstanbul', 'Turkey'),
(496, 'Shirleen', 'Shakesby', 20, 'İstanbul', 'Turkey'),
(497, 'Tonie', 'Rutley', 20, 'İstanbul', 'Turkey'),
(498, 'Magda', 'Lardez', 20, 'İstanbul', 'Turkey'),
(499, 'Hilly', 'Huglin', 20, 'İstanbul', 'Turkey'),
(500, 'Jerrylee', 'Martignon', 50, 'Trabzon', 'Turkey'),
(501, 'Rustin', 'Greyes', 21, 'Tekirdağ', 'Turkey'),
(502, 'Cliff', 'Tremellier', 52, 'İstanbul', 'Turkey'),
(503, 'Rory', 'Aldrich', 5, 'İstanbul', 'Turkey'),
(504, 'Mead', 'Barrick', 74, 'İstanbul', 'Turkey'),
(505, 'Margaretha', 'Sesons', 15, 'İstanbul', 'Turkey'),
(506, 'Callean', 'Arnault', 15, 'İstanbul', 'Turkey'),
(507, 'Gaston', 'Andrivel', 17, 'İstanbul', 'Turkey'),
(508, 'Rhody', 'Skates', 11, 'İstanbul', 'Turkey'),
(509, 'Elfrida', 'Inman', 18, 'İstanbul', 'Turkey'),
(510, 'Netta', 'Hugenin', 18, 'İstanbul', 'Turkey'),
(511, 'Kayley', 'McQuillin', 18, 'İstanbul', 'Turkey'),
(512, 'Kimberlee', 'McBrearty', 18, 'İstanbul', 'Turkey'),
(513, 'Lionel', 'Wynett', 20, 'İstanbul', 'Turkey'),
(514, 'Eydie', 'Witsey', 26, 'İzmir', 'Turkey'),
(515, 'Olwen', 'Relph', 21, 'Antalya', 'Turkey'),
(516, 'Claresta', 'Emerton', 20, 'İstanbul', 'Turkey'),
(517, 'Drusi', 'Gammill', 20, 'İstanbul', 'Turkey'),
(518, 'Durante', 'Winnett', 26, 'İstanbul', 'Turkey'),
(519, 'Leta', 'Eschelle', 19, 'Kütahya', 'Turkey'),
(520, 'Ber', 'Esplin', 20, 'Kırıkkale', 'Turkey'),
(521, 'Halette', 'Easterbrook', 21, 'İstanbul', 'Turkey'),
(522, 'Menard', 'Nast', 52, 'İstanbul', 'Turkey'),
(523, 'Forbes', 'Tuddall', 23, 'İstanbul', 'Turkey'),
(524, 'Sherwynd', 'Picford', 54, 'İstanbul', 'Turkey'),
(525, 'Brantley', 'Lugden', 25, 'İstanbul', 'Turkey'),
(526, 'Dill', 'Haxbie', 16, 'İstanbul', 'Turkey'),
(527, 'Jecho', 'Roy', 17, 'İstanbul', 'Turkey'),
(528, 'Amery', 'Blooman', 18, 'İstanbul', 'Turkey'),
(529, 'Celisse', 'Elph', 29, 'İstanbul', 'Turkey'),
(530, 'Eadith', 'Adame', 30, 'İstanbul', 'Turkey'),
(531, 'Smitty', 'Desantis', 31, 'İstanbul', 'Turkey'),
(532, 'Caldwell', 'Spera', 22, 'İstanbul', 'Turkey'),
(533, 'Tori', 'Antcliffe', 33, 'İstanbul', 'Turkey'),
(534, 'Neale', 'Brimilcombe', 24, 'İstanbul', 'Turkey'),
(535, 'Leann', 'Grimmett', 35, 'İstanbul', 'Turkey'),
(536, 'Jarvis', 'Obeney', 36, 'İstanbul', 'Turkey'),
(537, 'Tiler', 'Jendrys', 57, 'İstanbul', 'Turkey'),
(538, 'Tobye', 'Simenet', 18, 'İstanbul', 'Turkey'),
(539, 'Marta', 'Tyhurst', 19, 'İstanbul', 'Turkey'),
(540, 'Dolly', 'Pendrick', 20, 'İstanbul', 'Turkey'),
(541, 'Terese', 'Meaders', 20, 'İstanbul', 'Turkey'),
(542, 'Tabbie', 'Wildber', 22, 'İstanbul', 'Turkey'),
(543, 'Nicki', 'Hutson', 77, 'İstanbul', 'Turkey'),
(544, 'Anne-corinne', 'Otto', 26, 'İstanbul', 'Turkey'),
(545, 'Gan', 'Miskin', 18, 'İstanbul', 'Turkey'),
(546, 'Ingunna', 'Domniney', 29, 'İstanbul', 'Turkey'),
(547, 'Miner', 'MacGahey', 54, 'İstanbul', 'Turkey'),
(548, 'Ruthanne', 'Muirhead', 48, 'Ankara', 'Turkey'),
(549, 'Germana', 'Gilbanks', 18, 'Ankara', 'Turkey'),
(550, 'Mandel', 'Tampion', 18, 'Ankara', 'Turkey'),
(551, 'Fergus', 'Brum', 18, 'İzmir', 'Turkey'),
(552, 'Yorke', 'Bealton', 19, 'Ankara', 'Turkey'),
(553, 'Dalt', 'Pimme', 22, 'Ankara', 'Turkey'),
(554, 'Janessa', 'Vigours', 12, 'Ankara', 'Turkey'),
(555, 'Salim', 'Redihough', 21, 'Ankara', 'Turkey'),
(556, 'Bary', 'Edgcumbe', 20, 'Ankara', 'Turkey'),
(557, 'Henriette', 'Sievewright', 20, 'Ankara', 'Turkey'),
(558, 'Reinald', 'Lipman', 26, 'Ankara', 'Turkey'),
(559, 'Turner', 'McNellis', 26, 'Ankara', 'Turkey'),
(560, 'Hiram', 'Cometti', 28, 'Ankara', 'Turkey'),
(561, 'Roxie', 'akton', 29, 'Uşak', 'Turkey'),
(562, 'Ellene', 'xshott', 27, 'Ankara', 'Turkey'),
(563, 'Maury', 'Raffles', 25, 'Ankara', 'Turkey'),
(564, 'Cari', 'Dunstone', 24, 'Ankara', 'Turkey'),
(565, 'Paulina', 'Jerrim', 21, 'Ankara', 'Turkey'),
(566, 'Inesita', 'Crankhorn', 29, 'Ankara', 'Turkey'),
(567, 'Salomon', 'Liveley', 36, 'Ankara', 'Turkey'),
(568, 'Evered', 'Speenden', 21, 'Ankara', 'Turkey'),
(569, 'Mikael', 'Swires', 15, 'Ankara', 'Turkey'),
(570, 'Tisha', 'Mockford', 19, 'Ankara', 'Turkey'),
(571, 'Michael', 'McReath', 20, 'Ankara', 'Turkey'),
(572, 'Simona', 'Ever', 23, 'Ankara', 'Turkey'),
(573, 'Carin', 'Lideard', 23, 'Ankara', 'Turkey'),
(574, 'Barn', 'Bedells', 24, 'Ankara', 'Turkey'),
(575, 'Leann', 'Blaza', 15, 'Ankara', 'Turkey'),
(576, 'Joellen', 'Hamments', 36, 'İzmir', 'Turkey'),
(577, 'Tomaso', 'Capoun', 12, 'Antalya', 'Turkey'),
(578, 'Staford', 'Haffenden', 19, 'Adana', 'Turkey'),
(579, 'Tanhya', 'Wadeling', 19, 'İstanbul', 'Turkey'),
(581, 'Monica', 'Oaten', 35, 'İstanbul', 'Turkey'),
(582, 'Cherry', 'Witchard', 19, 'İstanbul', 'Turkey'),
(583, 'Charo', 'Fellos', 19, 'İzmir', 'Turkey'),
(584, 'Lanita', 'Pagelsen', 12, 'Adana', 'Turkey'),
(585, 'Georgena', 'Redgewell', 19, 'Eskişehir', 'Turkey'),
(586, 'Trumaine', 'Anstice', 21, 'Ankara', 'Turkey'),
(587, 'Toinette', 'Murthwaite', 22, 'Ankara', 'Turkey'),
(588, 'Neila', 'Hurtado', 24, 'Ankara', 'Turkey'),
(589, 'Paola', 'Roseaman', 25, 'Ankara', 'Turkey'),
(590, 'Electra', 'Curnucke', 25, 'Antalya', 'Turkey'),
(591, 'Ramsay', 'Belderfield', 25, 'Ankara', 'Turkey'),
(592, 'Garey', 'Kuller', 19, 'Ankara', 'Turkey'),
(593, 'Kennith', 'Philpotts', 23, 'Ankara', 'Turkey'),
(594, 'Trisha', 'Betteney', 54, 'Ankara', 'Turkey'),
(595, 'Charley', 'Kneath', 14, 'Ankara', 'Turkey'),
(596, 'Hanan', 'Ertelt', 16, 'Ankara', 'Turkey'),
(597, 'Dolorita', 'Cross', 27, 'Ankara', 'Turkey'),
(598, 'Ingemar', 'Malitrott', 28, 'Ankara', 'Turkey'),
(599, 'Lazarus', 'McGonigal', 20, 'İzmir', 'Turkey'),
(600, 'Frasquito', 'Browning', 30, 'İzmir', 'Turkey'),
(601, 'Eugenius', 'Geraldini', 30, 'Ankara', 'Turkey'),
(602, 'Gretta', 'Casassa', 40, 'Ankara', 'Turkey'),
(603, 'Noella', 'Herrero', 40, 'Ankara', 'Turkey'),
(604, 'Gerty', 'Orwell', 45, 'Ankara', 'Turkey'),
(605, 'Saw', 'Maple', 45, 'İstanbul', 'Turkey'),
(606, 'Papagena', 'Hammand', 16, 'İstanbul', 'Turkey'),
(607, 'Clemens', 'Minci', 49, 'İstanbul', 'Turkey'),
(608, 'Sherm', 'MacPaike', 14, 'İstanbul', 'Turkey'),
(609, 'Astra', 'Branthwaite', 14, 'İstanbul', 'Turkey'),
(610, 'Gail', 'Caban', 20, 'İzmir', 'Turkey'),
(611, 'Patten', 'Braunston', 32, 'Ankara', 'Turkey'),
(612, 'Claude', 'Block', 33, 'Ankara', 'Turkey'),
(613, 'Addison', 'McFetrich', 45, 'Ankara', 'Turkey'),
(614, 'Maury', 'Marriott', 28, 'Ankara', 'Turkey'),
(615, 'Honor', 'Dmitriev', 36, 'Kütahya', 'Turkey'),
(616, 'Cornelius', 'Arro', 45, 'Ankara', 'Turkey'),
(617, 'Hattie', 'Plante', 17, 'Ankara', 'Turkey'),
(618, 'Eleanore', 'Boutell', 18, 'Ankara', 'Turkey'),
(619, 'Arabele', 'Penrose', 19, 'Manisa', 'Turkey'),
(620, 'Bartolemo', 'Carmo', 20, 'Ankara', 'Turkey'),
(621, 'Sayre', 'Swindall', 62, 'Ankara', 'Turkey'),
(622, 'Ruprecht', 'Hoxey', 22, 'İstanbul', 'Turkey'),
(623, 'Stefa', 'Cammack', 23, 'İstanbul', 'Turkey'),
(624, 'Eduard', 'Zannolli', 62, 'İstanbul', 'Turkey'),
(625, 'Roby', 'Beddis', 60, 'İstanbul', 'Turkey'),
(626, 'Shelli', 'Flay', 16, 'İzmir', 'Turkey'),
(627, 'Lane', 'Ambrus', 27, 'Bursa', 'Turkey'),
(628, 'Skylar', 'Yetman', 28, 'Aydın', 'Turkey'),
(629, 'Gherardo', 'Colaton', 29, 'İstanbul', 'Turkey'),
(630, 'Cammi', 'Comrie', 60, 'Eskişehir', 'Turkey'),
(631, 'Adriana', 'Billsberry', 31, 'Aydın', 'Turkey'),
(632, 'Legra', 'Davson', 19, 'Aydın', 'Turkey'),
(633, 'Milton', 'Orrom', 20, 'Ankara', 'Turkey'),
(634, 'Ardath', 'Simeons', 21, 'İzmir', 'Turkey'),
(635, 'Garwin', 'O\'Calleran', 21, 'Ankara', 'Turkey'),
(636, 'Adelind', 'Farington', 21, 'İstanbul', 'Turkey'),
(637, 'Robinette', 'Aarons', 21, 'Sakarya', 'Turkey'),
(638, 'Essie', 'Fussen', 18, 'Ankara', 'Turkey'),
(639, 'Gawain', 'Hobben', 18, 'Ankara', 'Turkey'),
(640, 'Chandal', 'Cowdery', 21, 'Sivas', 'Turkey'),
(641, 'Padgett', 'Ducker', 21, 'Ankara', 'Turkey'),
(642, 'Verine', 'Erley', 21, 'Ankara', 'Turkey'),
(643, 'Ailee', 'Handyside', 21, 'Ankara', 'Turkey'),
(644, 'Caria', 'Chisholme', 15, 'İstanbul', 'Turkey'),
(645, 'Conchita', 'Pepys', 26, 'Ankara', 'Turkey'),
(646, 'Joela', 'Gebhard', 16, 'Ankara', 'Turkey'),
(647, 'Edy', 'MacAnelley', 19, 'Ankara', 'Turkey'),
(648, 'Margery', 'MacGillacolm', 29, 'Ankara', 'Turkey'),
(649, 'Sean', 'Fleischmann', 40, 'Ankara', 'Turkey'),
(650, 'Jeffy', 'Kosel', 29, 'Ankara', 'Turkey'),
(651, 'Hettie', 'Orrell', 20, 'Ankara', 'Turkey'),
(652, 'Rees', 'Bratch', 21, 'Ankara', 'Turkey'),
(653, 'Elane', 'Pieterick', 21, 'İzmir', 'Turkey'),
(654, 'Sheff', 'Borsay', 20, 'Ankara', 'Turkey'),
(655, 'Davina', 'Linger', 21, 'Ankara', 'Turkey'),
(656, 'Vinnie', 'Carnock', 22, 'Ankara', 'Turkey'),
(657, 'Tamqrah', 'Kohlert', 77, 'Ankara', 'Turkey'),
(658, 'Binny', 'Tatters', 14, 'Ankara', 'Turkey'),
(659, 'Justin', 'Labbez', 25, 'İstanbul', 'Turkey'),
(660, 'Reginauld', 'Clemetts', 26, 'İzmir', 'Turkey'),
(661, 'Eustace', 'Skitral', 41, 'İstanbul', 'Turkey'),
(662, 'Mace', 'Bateup', 29, 'Denizli', 'Turkey'),
(663, 'Netta', 'Hayford', 21, 'Ankara', 'Turkey'),
(664, 'Addie', 'Egan', 15, 'Yozgat', 'Turkey'),
(665, 'Wallis', 'Lemoir', 15, 'Ankara', 'Turkey'),
(666, 'Kass', 'Oldknowe', 21, 'Ankara', 'Turkey'),
(667, 'Rachael', 'Pikhno', 15, 'Ankara', 'Turkey'),
(668, 'Olenka', 'Langwade', 13, 'Ankara', 'Turkey'),
(669, 'Tripp', 'Percival', 21, 'Ankara', 'Turkey'),
(670, 'Linnie', 'Treher', 56, 'Adana', 'Turkey'),
(671, 'Judd', 'Reichelt', 32, 'Ankara', 'Turkey'),
(672, 'Yehudit', 'Sibbet', 21, 'Denizli', 'Turkey'),
(673, 'Desi', 'Masterson', 21, 'Ankara', 'Turkey'),
(674, 'Nicola', 'Chippendale', 22, 'Ankara', 'Turkey'),
(675, 'Oralie', 'Bardsley', 27, 'Ankara', 'Turkey'),
(676, 'Nance', 'Quye', 29, 'Ankara', 'Turkey'),
(677, 'Rosemarie', 'Rochell', 36, 'Ankara', 'Turkey'),
(678, 'Miguel', 'Shrawley', 60, 'Ankara', 'Turkey'),
(679, 'Marla', 'Ireson', 18, 'İstanbul', 'Turkey'),
(680, 'Malchy', 'Scarfe', 17, 'Ankara', 'Turkey'),
(681, 'Menard', 'Abramowitch', 19, 'İzmir', 'Turkey'),
(682, 'Urbano', 'Wakelam', 19, 'İstanbul', 'Turkey'),
(683, 'Elinore', 'Girard', 19, 'Ovacik', 'Turkey'),
(684, 'Sabina', 'Wardroper', 21, 'Ankara', 'Turkey'),
(685, 'Mag', 'Staker', 21, 'Ankara', 'Turkey'),
(686, 'Carlen', 'Pople', 21, 'Ankara', 'Turkey'),
(687, 'Daryl', 'Bartholomew', 22, 'İstanbul', 'Turkey'),
(688, 'Rolando', 'Blei', 29, 'Ankara', 'Turkey'),
(689, 'Raynor', 'MacVay', 56, 'Ankara', 'Turkey'),
(690, 'Bobbee', 'Kulas', 17, 'Ankara', 'Turkey'),
(691, 'Aldis', 'Strang', 18, 'İstanbul', 'Turkey'),
(692, 'Ermentrude', 'Billington', 18, 'Ankara', 'Turkey'),
(693, 'Cornall', 'Opie', 18, 'Eskişehir', 'Turkey'),
(694, 'Jamison', 'Eakin', 19, 'Denizli', 'Turkey'),
(695, 'Cart', 'Heibl', 20, 'Ankara', 'Turkey'),
(696, 'Pauli', 'O\'Gready', 36, 'Ankara', 'Turkey'),
(697, 'Riobard', 'Ghidotti', 17, 'İstanbul', 'Turkey'),
(698, 'Grace', 'Coviello', 19, 'Ankara', 'Turkey'),
(699, 'Darrel', 'Garrit', 21, 'Ankara', 'Turkey'),
(700, 'Giacopo', 'Kobiela', 50, 'Ankara', 'Turkey'),
(701, 'Tybalt', 'Doutch', 49, 'Ankara', 'Turkey'),
(702, 'Carine', 'Everson', 47, 'Bursa', 'Turkey'),
(703, 'Giffer', 'Bonicelli', 17, 'Ankara', 'Turkey'),
(704, 'Joelle', 'Wackett', 16, 'Ankara', 'Turkey'),
(705, 'Marilyn', 'Benger', 44, 'Ankara', 'Turkey'),
(706, 'Eal', 'Thrussell', 20, 'Ankara', 'Turkey'),
(707, 'Zabrina', 'Extal', 19, 'Ankara', 'Turkey'),
(708, 'Elyssa', 'Pollicott', 7, 'İstanbul', 'Turkey'),
(709, 'Ogdan', 'McGeagh', 9, 'Ankara', 'Turkey'),
(710, 'Quintin', 'Thorwarth', 10, 'İstanbul', 'Turkey'),
(711, 'Rollin', 'McKenzie', 11, 'Ankara', 'Turkey'),
(712, 'Niel', 'Pym', 71, 'Ankara', 'Turkey'),
(713, 'Carmine', 'Cornu', 73, 'Yeniköy', 'Turkey'),
(714, 'Chrysler', 'McIsaac', 54, 'Ankara', 'Turkey'),
(715, 'Geno', 'Balle', 15, 'Ankara', 'Turkey'),
(716, 'Doy', 'Yakob', 16, 'Ankara', 'Turkey'),
(717, 'Kayla', 'Wilfling', 17, 'İstanbul', 'Turkey'),
(718, 'Emanuele', 'Jakeman', 18, 'İstanbul', 'Turkey'),
(719, 'Deloria', 'Sibylla', 19, 'İstanbul', 'Turkey'),
(720, 'Kort', 'Saleway', 20, 'Ankara', 'Turkey'),
(721, 'Tybalt', 'Morforth', 21, 'Ankara', 'Turkey'),
(722, 'Jacquetta', 'Myrick', 21, 'İstanbul', 'Turkey'),
(723, 'Cherida', 'Jacobsz', 21, 'İstanbul', 'Turkey'),
(724, 'See', 'Penright', 21, 'Ankara', 'Turkey'),
(725, 'Kleon', 'Margram', 21, 'İstanbul', 'Turkey'),
(726, 'Tabina', 'Greguoli', 22, 'İstanbul', 'Turkey'),
(727, 'Aeriell', 'Blaise', 26, 'Ankara', 'Turkey'),
(728, 'Zarah', 'Osgar', 22, 'Ankara', 'Turkey'),
(729, 'Augustine', 'Queen', 22, 'İstanbul', 'Turkey'),
(730, 'Alika', 'Ondrus', 22, 'İstanbul', 'Turkey'),
(731, 'Sebastiano', 'Lorey', 30, 'Ankara', 'Turkey'),
(732, 'Taddeusz', 'Pfertner', 22, 'Bursa', 'Turkey'),
(733, 'Eleanore', 'Burbank', 16, 'Ankara', 'Turkey'),
(734, 'Effie', 'Francais', 22, 'Ankara', 'Turkey'),
(735, 'Lynette', 'Nicklinson', 65, 'İstanbul', 'Turkey'),
(736, 'Augusta', 'Giorgiutti', 22, 'Ankara', 'Turkey'),
(737, 'Gail', 'Chisman', 39, 'İstanbul', 'Turkey'),
(738, 'Noble', 'Catley', 25, 'Ankara', 'Turkey'),
(739, 'Bernardine', 'McGhee', 23, 'İstanbul', 'Turkey'),
(740, 'Gibb', 'Winsper', 23, 'İstanbul', 'Turkey'),
(741, 'Janetta', 'McInility', 23, 'Ankara', 'Turkey'),
(742, 'Eveleen', 'Kagan', 23, 'Ankara', 'Turkey'),
(743, 'Ivor', 'Menpes', 26, 'İstanbul', 'Turkey'),
(744, 'Dieter', 'Haddy', 24, 'İstanbul', 'Turkey'),
(745, 'Skippie', 'Gadson', 24, 'Ankara', 'Turkey'),
(746, 'Susanne', 'Jee', 55, 'Ankara', 'Turkey'),
(747, 'Jeanelle', 'Tunuy', 47, 'Ankara', 'Turkey'),
(748, 'Prince', 'Van Weedenburg', 78, 'İstanbul', 'Turkey'),
(749, 'Vicky', 'Inggall', 45, 'İstanbul', 'Turkey'),
(750, 'Domini', 'Simmins', 12, 'Ankara', 'Turkey'),
(751, 'Anna', 'Measor', 11, 'İstanbul', 'Turkey'),
(752, 'Melli', 'Lougheed', 11, 'İstanbul', 'Turkey'),
(753, 'Alastair', 'Jutson', 11, 'İstanbul', 'Turkey'),
(754, 'Anna-diane', 'Brownlow', 7, 'İstanbul', 'Turkey'),
(755, 'Kit', 'Pele', 9, 'İstanbul', 'Turkey'),
(756, 'Callie', 'Handrick', 16, 'İstanbul', 'Turkey'),
(757, 'Mendel', 'Latta', 47, 'İstanbul', 'Turkey'),
(758, 'Aurie', 'Scurrah', 42, 'İstanbul', 'Turkey'),
(759, 'Sayres', 'Tressler', 19, 'İstanbul', 'Turkey'),
(760, 'Tobe', 'Giacomucci', 21, 'Ankara', 'Turkey'),
(761, 'Marice', 'McLay', 16, 'Ankara', 'Turkey'),
(762, 'Ches', 'Hyslop', 33, 'Ankara', 'Turkey'),
(763, 'Zane', 'Pluvier', 21, 'İstanbul', 'Turkey'),
(764, 'Adair', 'Delwater', 21, 'İstanbul', 'Turkey'),
(765, 'Letty', 'Jeggo', 21, 'İstanbul', 'Turkey'),
(766, 'Manny', 'Mussolini', 19, 'Ankara', 'Turkey'),
(767, 'Amara', 'Oakeby', 19, 'Ankara', 'Turkey'),
(768, 'Thaine', 'Lorand', 19, 'Ankara', 'Turkey'),
(769, 'Cahra', 'Amoore', 19, 'Ankara', 'Turkey'),
(770, 'Laural', 'Waine', 19, 'Ankara', 'Turkey'),
(771, 'Claude', 'Zavittieri', 22, 'İstanbul', 'Turkey'),
(772, 'Marleah', 'Rigglesford', 22, 'Adana', 'Turkey'),
(773, 'Shelly', 'Mackison', 20, 'Ankara', 'Turkey'),
(774, 'Remus', 'Medina', 19, 'İstanbul', 'Turkey'),
(775, 'Jess', 'Lockyear', 19, 'Ankara', 'Turkey'),
(776, 'Maiga', 'Zavattero', 16, 'Ankara', 'Turkey'),
(777, 'Ahmed', 'Gounot', 41, 'Ankara', 'Turkey'),
(778, 'Addie', 'Balasin', 55, 'Ankara', 'Turkey'),
(779, 'Clywd', 'Tizard', 20, 'Ankara', 'Turkey'),
(780, 'Carie', 'Eccleshare', 21, 'İstanbul', 'Turkey'),
(781, 'Fielding', 'de Clerc', 22, 'İstanbul', 'Turkey'),
(782, 'Daffi', 'Westhoff', 29, 'İstanbul', 'Turkey'),
(783, 'Bibi', 'Purkess', 16, 'İstanbul', 'Turkey'),
(784, 'Raddie', 'Margram', 55, 'Ankara', 'Turkey'),
(785, 'Ines', 'Kirman', 77, 'Ankara', 'Turkey'),
(786, 'Max', 'Clabburn', 15, 'Bursa', 'Turkey'),
(787, 'Carlynn', 'Daugherty', 16, 'Ankara', 'Turkey'),
(788, 'Lyndell', 'Willoughby', 36, 'İstanbul', 'Turkey'),
(789, 'Jephthah', 'Skettles', 12, 'İstanbul', 'Turkey'),
(790, 'Brynne', 'Edgerley', 20, 'Yeniköy', 'Turkey'),
(791, 'Minta', 'Tejada', 16, 'Sivas', 'Turkey'),
(792, 'Cacilia', 'Honig', 15, 'Ankara', 'Turkey'),
(793, 'Salome', 'Inkles', 14, 'Ankara', 'Turkey'),
(794, 'Lorette', 'Skilling', 19, 'İstanbul', 'Turkey'),
(795, 'Free', 'Haffner', 19, 'Ankara', 'Turkey'),
(796, 'Renard', 'McAulay', 21, 'Ankara', 'Turkey'),
(797, 'Reinaldo', 'Rutty', 20, 'Ankara', 'Turkey'),
(798, 'Lisbeth', 'Filimore', 30, 'Denizli', 'Turkey'),
(799, 'Whitman', 'Keirl', 21, 'Ankara', 'Turkey'),
(800, 'Marga', 'Bosward', 21, 'Ankara', 'Turkey'),
(801, 'Tracy', 'Duberry', 36, 'Bolu', 'Turkey'),
(802, 'Aeriela', 'Dawkes', 21, 'Manisa', 'Turkey'),
(803, 'Dyanne', 'Cadle', 21, 'İstanbul', 'Turkey'),
(804, 'Gerick', 'Posen', 12, 'İstanbul', 'Turkey'),
(805, 'Eolande', 'Collister', 21, 'Bursa', 'Turkey'),
(806, 'Gigi', 'Revington', 29, 'İstanbul', 'Turkey'),
(807, 'Coleen', 'Vesque', 54, 'İstanbul', 'Turkey'),
(808, 'Danell', 'Loveard', 24, 'Ankara', 'Turkey'),
(809, 'Gav', 'Dike', 26, 'Ankara', 'Turkey'),
(810, 'Harlie', 'Imlach', 20, 'Ankara', 'Turkey'),
(811, 'Arv', 'Domerque', 21, 'Ankara', 'Turkey'),
(812, 'Herrick', 'Molden', 21, 'Ankara', 'Turkey'),
(813, 'Nerte', 'Dewbury', 23, 'Ankara', 'Turkey'),
(814, 'Corbet', 'De Maine', 26, 'Ankara', 'Turkey'),
(815, 'Les', 'Witherington', 21, 'İstanbul', 'Turkey'),
(816, 'Halsy', 'Breheny', 17, 'Ankara', 'Turkey'),
(817, 'Udale', 'Carette', 18, 'Ankara', 'Turkey'),
(818, 'Pammy', 'Verrillo', 26, 'İzmir', 'Turkey'),
(819, 'Devina', 'Pinar', 24, 'Ankara', 'Turkey'),
(820, 'Sigismund', 'Willden', 26, 'İstanbul', 'Turkey'),
(821, 'Roshelle', 'Friary', 29, 'Ankara', 'Turkey'),
(822, 'Carmon', 'Sprowles', 16, 'Ankara', 'Turkey'),
(823, 'Fredrick', 'Petrie', 14, 'Ankara', 'Turkey'),
(824, 'Katrina', 'Maskew', 13, 'Ankara', 'Turkey'),
(825, 'Victoria', 'Wrixon', 11, 'İzmir', 'Turkey'),
(826, 'Susette', 'Tweddle', 13, 'İzmir', 'Turkey'),
(827, 'Lethia', 'Evanson', 21, 'Tekirdağ', 'Turkey'),
(828, 'Erna', 'Snowdon', 20, 'Çanakkale', 'Turkey'),
(829, 'Nels', 'Vanyukov', 21, 'Çanakkale', 'Turkey'),
(830, 'Hendrik', 'Gresty', 22, 'Ankara', 'Turkey'),
(831, 'Tracee', 'Babb', 21, 'Ankara', 'Turkey'),
(832, 'Britt', 'Baron', 21, 'İzmir', 'Turkey'),
(833, 'Donnamarie', 'Thrussell', 21, 'Ankara', 'Turkey'),
(834, 'Roz', 'Summerly', 20, 'Ankara', 'Turkey'),
(835, 'Valry', 'Timperley', 46, 'Ankara', 'Turkey'),
(836, 'Westbrooke', 'Sherville', 21, 'Ankara', 'Turkey'),
(837, 'Blinni', 'Barham', 36, 'Ankara', 'Turkey'),
(838, 'Marris', 'Downie', 24, 'Ankara', 'Turkey'),
(839, 'Randy', 'Fowley', 18, 'İstanbul', 'Turkey'),
(840, 'Dur', 'Haffenden', 17, 'İstanbul', 'Turkey'),
(841, 'Glenine', 'Downs', 17, 'İzmir', 'Turkey'),
(842, 'Maridel', 'Garn', 17, 'İstanbul', 'Turkey'),
(843, 'Malinda', 'Carryer', 17, 'Adana', 'Turkey'),
(844, 'Julietta', 'Bellanger', 17, 'Ankara', 'Turkey'),
(845, 'Shaw', 'Bartosinski', 17, 'Ankara', 'Turkey'),
(846, 'Olive', 'Seivwright', 25, 'İstanbul', 'Turkey'),
(847, 'Verne', 'Soppeth', 25, 'Ankara', 'Turkey'),
(848, 'Valencia', 'Evans', 18, 'Ankara', 'Turkey'),
(849, 'Peyter', 'Mantripp', 16, 'Ankara', 'Turkey'),
(850, 'Bobby', 'Shoebottom', 16, 'Ankara', 'Turkey'),
(851, 'Lorry', 'Twelftree', 14, 'Ankara', 'Turkey'),
(852, 'Gaby', 'Ofener', 13, 'Ankara', 'Turkey'),
(853, 'Coriss', 'Claxson', 56, 'Ankara', 'Turkey'),
(854, 'Krystal', 'Ricold', 32, 'İstanbul', 'Turkey'),
(855, 'Niven', 'Carpmile', 77, 'Ankara', 'Turkey'),
(856, 'Sashenka', 'Orrell', 44, 'İstanbul', 'Turkey'),
(857, 'Woody', 'Hourstan', 22, 'İstanbul', 'Turkey'),
(858, 'Jack', 'Digan', 21, 'Ankara', 'Turkey'),
(859, 'Farr', 'Pawellek', 21, 'İstanbul', 'Turkey'),
(860, 'Jeanna', 'Sabbins', 29, 'İstanbul', 'Turkey'),
(861, 'Phylis', 'Brunon', 25, 'Ankara', 'Turkey'),
(862, 'Adeline', 'Cornfield', 21, 'İstanbul', 'Turkey'),
(863, 'Harv', 'Swynley', 21, 'İstanbul', 'Turkey'),
(864, 'Sibyl', 'Markussen', 21, 'İstanbul', 'Turkey'),
(865, 'Jobina', 'Angelini', 21, 'İstanbul', 'Turkey'),
(866, 'Skell', 'Skull', 19, 'İstanbul', 'Turkey'),
(867, 'Zaneta', 'Maass', 28, 'İstanbul', 'Turkey'),
(868, 'Granthem', 'Prosh', 18, 'İstanbul', 'Turkey'),
(869, 'Dillie', 'Palumbo', 18, 'İstanbul', 'Turkey'),
(870, 'Filberte', 'Robardet', 18, 'İstanbul', 'Turkey'),
(871, 'Padriac', 'Luberti', 36, 'Ankara', 'Turkey'),
(872, 'Tiffi', 'Cobden', 19, 'İstanbul', 'Turkey'),
(873, 'Holly', 'Justun', 16, 'İstanbul', 'Turkey'),
(874, 'Colin', 'McCully', 16, 'İstanbul', 'Turkey'),
(875, 'Alvan', 'Mechem', 15, 'İstanbul', 'Turkey'),
(876, 'Paloma', 'Vuitton', 16, 'İstanbul', 'Turkey'),
(877, 'Lindsay', 'Pechet', 14, 'İstanbul', 'Turkey'),
(878, 'Illa', 'Gaylor', 14, 'Ankara', 'Turkey'),
(879, 'Sabra', 'Cornelis', 28, 'Ankara', 'Turkey'),
(880, 'Haskell', 'Billings', 40, 'İstanbul', 'Turkey'),
(881, 'Dani', 'Philpot', 27, 'Ankara', 'Turkey'),
(882, 'Beulah', 'Warrender', 29, 'Ankara', 'Turkey'),
(883, 'Joice', 'Huggens', 22, 'Ankara', 'Turkey'),
(884, 'Gaye', 'Horsefield', 49, 'İstanbul', 'Turkey'),
(885, 'Reggi', 'Manifield', 15, 'İstanbul', 'Turkey'),
(886, 'Clement', 'Prandin', 8, 'Ankara', 'Turkey'),
(887, 'Berget', 'Braunroth', 16, 'İstanbul', 'Turkey'),
(888, 'Doralynn', 'Goggey', 49, 'Ankara', 'Turkey'),
(889, 'Herb', 'Trusse', 22, 'Sakarya', 'Turkey'),
(890, 'Lorrayne', 'Sprigings', 77, 'Adana', 'Turkey'),
(891, 'Lauree', 'Landis', 77, 'İstanbul', 'Turkey'),
(892, 'Baillie', 'Robertz', 15, 'Bursa', 'Turkey'),
(893, 'Nissie', 'Cattenach', 46, 'İstanbul', 'Turkey'),
(894, 'Selestina', 'Deaville', 20, 'İstanbul', 'Turkey'),
(895, 'Ferrel', 'Renyard', 20, 'İstanbul', 'Turkey'),
(896, 'Tommie', 'Abramzon', 20, 'İstanbul', 'Turkey'),
(897, 'Perkin', 'Shower', 20, 'İstanbul', 'Turkey'),
(898, 'Wesley', 'Stormonth', 20, 'İstanbul', 'Turkey'),
(899, 'Carlo', 'Awde', 20, 'İstanbul', 'Turkey'),
(900, 'Philbert', 'Josuweit', 20, 'İstanbul', 'Turkey'),
(901, 'Donna', 'Geratasch', 20, 'İstanbul', 'Turkey'),
(902, 'Marylin', 'Furlonge', 20, 'Eskişehir', 'Turkey'),
(903, 'Janka', 'Barkus', 21, 'İstanbul', 'Turkey'),
(904, 'Mella', 'Olliff', 21, 'İstanbul', 'Turkey'),
(905, 'Bili', 'Burrow', 22, 'İstanbul', 'Turkey'),
(906, 'Griffin', 'Wenderoth', 21, 'Ankara', 'Turkey'),
(907, 'Clerc', 'Bims', 19, 'Ankara', 'Turkey'),
(908, 'Wilbur', 'Tremathick', 19, 'Ankara', 'Turkey'),
(909, 'Karl', 'Stritton', 45, 'İstanbul', 'Turkey'),
(910, 'Sig', 'Fone', 18, 'Yeşilköy', 'Turkey'),
(911, 'Grenville', 'Toffts', 16, 'İstanbul', 'Turkey'),
(912, 'Evangelin', 'Stanmore', 16, 'İstanbul', 'Turkey'),
(913, 'Prince', 'Gigg', 25, 'İstanbul', 'Turkey'),
(914, 'Noemi', 'Painten', 15, 'İstanbul', 'Turkey'),
(915, 'Fabio', 'Facey', 25, 'İstanbul', 'Turkey'),
(916, 'Freddy', 'Gemelli', 20, 'İstanbul', 'Turkey'),
(917, 'Sullivan', 'Freeborne', 21, 'İstanbul', 'Turkey'),
(918, 'Syman', 'Dupree', 20, 'İstanbul', 'Turkey'),
(919, 'Robbert', 'Stiegar', 26, 'İstanbul', 'Turkey'),
(920, 'Scarface', 'Dabling', 24, 'İstanbul', 'Turkey'),
(921, 'Roselin', 'Caney', 26, 'Ankara', 'Turkey'),
(922, 'Rochella', 'Steinor', 22, 'İstanbul', 'Turkey'),
(923, 'Inigo', 'Abbs', 37, 'İstanbul', 'Turkey'),
(924, 'Rogerio', 'Gravey', 24, 'Ankara', 'Turkey'),
(925, 'Albertine', 'Tolemache', 33, 'Ankara', 'Turkey'),
(927, 'Kelley', 'Tabrett', 27, 'Ankara', 'Turkey'),
(928, 'Rachel', 'Drance', 8, 'İstanbul', 'Turkey'),
(929, 'Linet', 'Tonna', 29, 'İstanbul', 'Turkey'),
(930, 'Tabor', 'Smallbone', 30, 'İstanbul', 'Turkey'),
(931, 'Yancey', 'Tyler', 41, 'İstanbul', 'Turkey'),
(932, 'Maible', 'Kops', 19, 'İstanbul', 'Turkey'),
(933, 'Hanson', 'Caldecutt', 21, 'İstanbul', 'Turkey'),
(934, 'Gardy', 'Scholar', 21, 'İstanbul', 'Turkey'),
(935, 'Frazer', 'Durtnel', 21, 'İstanbul', 'Turkey'),
(936, 'Alvira', 'Rennie', 26, 'İstanbul', 'Turkey'),
(937, 'Rafferty', 'Girodier', 27, 'İstanbul', 'Turkey'),
(938, 'Dela', 'Canedo', 25, 'İstanbul', 'Turkey'),
(939, 'Joby', 'Mountlow', 24, 'Bursa', 'Turkey'),
(940, 'Herrick', 'Morville', 22, 'İstanbul', 'Turkey'),
(941, 'Gizela', 'Kleint', 22, 'İstanbul', 'Turkey'),
(942, 'Emmie', 'Lavallie', 19, 'İstanbul', 'Turkey'),
(943, 'Brena', 'Kleinzweig', 39, 'Bolu', 'Turkey'),
(944, 'Skipper', 'Jurkiewicz', 14, 'Denizli', 'Turkey'),
(945, 'Webb', 'Polendine', 26, 'Diyarbakır', 'Turkey'),
(946, 'Cher', 'Teresa', 19, 'İstanbul', 'Turkey'),
(947, 'Vitia', 'Alderton', 19, 'İstanbul', 'Turkey'),
(948, 'Ellsworth', 'Elbourn', 21, 'Sivas', 'Turkey'),
(949, 'Martie', 'Brilleman', 21, 'İstanbul', 'Turkey'),
(950, 'Georgianna', 'Trood', 29, 'Ankara', 'Turkey'),
(951, 'Bren', 'Tupper', 28, 'Bolu', 'Turkey'),
(952, 'Billie', 'Letford', 22, 'Ankara', 'Turkey'),
(953, 'Opaline', 'Oulett', 22, 'Ankara', 'Turkey'),
(954, 'Madelina', 'Sutlieff', 20, 'Ankara', 'Turkey'),
(955, 'Martynne', 'Dressel', 20, 'Bursa', 'Turkey'),
(956, 'Letitia', 'Jandl', 20, 'Bursa', 'Turkey'),
(957, 'Heindrick', 'Halls', 56, 'Kütahya', 'Turkey'),
(958, 'Blakeley', 'Fevier', 58, 'İzmir', 'Turkey'),
(959, 'Arie', 'Turbat', 20, 'İstanbul', 'Turkey'),
(960, 'Dewie', 'Rene', 60, 'İstanbul', 'Turkey'),
(961, 'Javier', 'Gasquoine', 20, 'İstanbul', 'Turkey'),
(962, 'Duane', 'De Lasci', 22, 'Ankara', 'Turkey'),
(963, 'Berna', 'Calderon', 11, 'Ankara', 'Turkey'),
(964, 'Cathee', 'Wainscot', 54, 'Ankara', 'Turkey'),
(965, 'Ursala', 'O\'Shee', 45, 'Ankara', 'Turkey'),
(966, 'Hayward', 'Trevaskiss', 59, 'İstanbul', 'Turkey'),
(967, 'Nance', 'Luscombe', 13, 'İstanbul', 'Turkey'),
(968, 'Xenia', 'Blomfield', 11, 'Ankara', 'Turkey'),
(969, 'Chiquia', 'Elis', 19, 'Ankara', 'Turkey'),
(970, 'Rosalynd', 'Segar', 19, 'İstanbul', 'Turkey'),
(971, 'Alexis', 'Halley', 21, 'Adana', 'Turkey'),
(972, 'Glori', 'Callington', 24, 'İzmir', 'Turkey'),
(973, 'Iseabal', 'O\'Curneen', 26, 'Ankara', 'Turkey'),
(974, 'Ignacius', 'Parell', 22, 'Ankara', 'Turkey'),
(975, 'Tiffani', 'Gatman', 21, 'Ankara', 'Turkey'),
(976, 'Andie', 'Dziwisz', 24, 'Ankara', 'Turkey'),
(977, 'Nikolos', 'Gregoraci', 25, 'Ankara', 'Turkey'),
(978, 'Constantin', 'Pudney', 22, 'Ankara', 'Turkey'),
(979, 'Will', 'Seel', 26, 'İstanbul', 'Turkey'),
(980, 'Zorah', 'Padrick', 29, 'İstanbul', 'Turkey'),
(981, 'Krishnah', 'Piddick', 33, 'İstanbul', 'Turkey'),
(982, 'Casie', 'Chamley', 35, 'Ankara', 'Turkey'),
(983, 'Madalena', 'Petit', 12, 'Ankara', 'Turkey'),
(984, 'Rosetta', 'Mankor', 8, 'Ankara', 'Turkey');
INSERT INTO `customer` (`person_id`, `c_name`, `surname`, `age`, `city`, `country`) VALUES
(985, 'Zulema', 'McCartney', 7, 'İzmir', 'Turkey'),
(986, 'Rog', 'Goodyear', 14, 'Ankara', 'Turkey'),
(987, 'Wit', 'Dri', 19, 'Ankara', 'Turkey'),
(988, 'Meggy', 'Joselovitch', 21, 'Ankara', 'Turkey'),
(989, 'Mercedes', 'Sicha', 55, 'Ankara', 'Turkey'),
(990, 'Claudine', 'Garnsey', 21, 'İstanbul', 'Turkey'),
(991, 'Tammie', 'Quinsee', 43, 'İstanbul', 'Turkey'),
(992, 'Kathryne', 'Cristofari', 21, 'İstanbul', 'Turkey'),
(993, 'Rolfe', 'Hartop', 34, 'Ankara', 'Turkey'),
(994, 'Jud', 'Fentem', 19, 'Ankara', 'Turkey'),
(995, 'Celestine', 'Pasterfield', 17, 'Ankara', 'Turkey'),
(996, 'Myron', 'Ply', 19, 'Ankara', 'Turkey'),
(997, 'Ty', 'Kielt', 19, 'Ankara', 'Turkey'),
(998, 'Merrill', 'Ogley', 19, 'Ankara', 'Turkey'),
(999, 'Stephan', 'Pilsbury', 21, 'İstanbul', 'Turkey');

-- --------------------------------------------------------

--
-- Table structure for table `event`
--

CREATE TABLE `event` (
  `event_id` int(11) NOT NULL,
  `event_name` varchar(50) DEFAULT NULL,
  `e_date` date DEFAULT NULL,
  `e_time` time DEFAULT NULL,
  `stadium_id` int(11) NOT NULL,
  `sport_id` int(11) NOT NULL
) ENGINE=InnoDB DEFAULT CHARSET=utf8mb4 COLLATE=utf8mb4_general_ci;

--
-- Dumping data for table `event`
--

INSERT INTO `event` (`event_id`, `event_name`, `e_date`, `e_time`, `stadium_id`, `sport_id`) VALUES
(1, 'halkbank-ziraatbank voleybol maçı', '2023-05-15', '19:30:00', 2, 2),
(2, 'fenerbahçe-galatasaray futbol maçı', '2023-06-18', '20:00:00', 3, 1),
(3, 'beşiktaş-galatasaray futbol maçı', '2023-05-05', '20:00:00', 4, 1),
(4, 'forza-izmirspor voleybol maçı', '2023-06-04', '19:45:00', 1, 2),
(5, 'fenerbahçe-trabzonspor futbol maçı', '2023-05-29', '20:00:00', 3, 1),
(6, 'beşiktaş-trabzonspor futbol maçı', '2023-07-07', '18:00:00', 4, 1),
(7, 'yukatel merkezefendi-anadolu efes', '2023-05-21', '13:00:00', 5, 3),
(8, 'eczacıbaşı dynavit-vakıfbank voleybol maçı', '2023-06-09', '15:00:00', 2, 2),
(9, 'eczacıbaşı dynavit-fenerbahçe opet voleybol maçı', '2023-06-10', '14:00:00', 1, 2),
(10, 'djere-ruud tenis maçı', '2023-06-18', '16:00:00', 5, 3),
(11, 'zverev-medvedev tenis maçı', '2023-05-20', '16:00:00', 5, 3),
(12, 'fenerbahçe-arkas spor voleybol maçı', '2023-05-21', '15:00:00', 1, 2),
(13, 'antalyaspor-başakşehir futbol maçı', '2023-06-11', '20:00:00', 3, 1),
(14, 'kasımpaşa-istanbulspor futbol maçı', '2023-07-01', '20:00:00', 4, 1),
(15, 'göztepe-arkas voleybol maçı', '2023-05-18', '16:00:00', 2, 2),
(16, 'kasımpaşa-beşiktaş futbol maçı', '2023-06-18', '20:00:00', 4, 1);

-- --------------------------------------------------------

--
-- Table structure for table `handle`
--

CREATE TABLE `handle` (
  `aid` int(11) NOT NULL,
  `eid` int(11) NOT NULL
) ENGINE=InnoDB DEFAULT CHARSET=utf8mb4 COLLATE=utf8mb4_general_ci;

--
-- Dumping data for table `handle`
--

INSERT INTO `handle` (`aid`, `eid`) VALUES
(1, 1),
(1, 2),
(1, 3),
(1, 4),
(1, 5),
(1, 6),
(1, 7),
(1, 8),
(1, 9),
(1, 10),
(1, 11),
(1, 12),
(1, 13),
(1, 14),
(1, 15),
(1, 16);

-- --------------------------------------------------------

--
-- Table structure for table `Payment`
--

CREATE TABLE `Payment` (
  `payment_id` int(11) NOT NULL,
  `payment_date` date DEFAULT NULL,
  `total_price` int(11) DEFAULT NULL
) ENGINE=InnoDB DEFAULT CHARSET=utf8mb4 COLLATE=utf8mb4_general_ci;

--
-- Dumping data for table `Payment`
--

INSERT INTO `Payment` (`payment_id`, `payment_date`, `total_price`) VALUES
(1, '2023-05-02', 40),
(2, '2023-05-02', 40),
(3, '2023-05-01', 40),
(4, '2023-05-03', 40),
(5, '2023-05-01', 40),
(6, '2023-03-01', 40),
(7, '2023-05-02', 40),
(8, '2023-05-01', 40),
(9, '2023-05-01', 40),
(10, '2023-05-01', 40),
(11, '2023-05-01', 40),
(12, '2023-04-01', 40),
(13, '2023-04-16', 40),
(14, '2023-04-16', 40),
(15, '2023-04-01', 40),
(16, '2023-04-22', 40),
(17, '2023-04-14', 40),
(18, '2023-04-16', 40),
(19, '2023-05-03', 40),
(20, '2023-04-06', 40),
(21, '2023-04-09', 40),
(22, '2023-04-16', 40),
(23, '2023-05-04', 40),
(24, '2023-04-12', 40),
(25, '2023-04-11', 40),
(26, '2023-04-13', 40),
(27, '2023-04-11', 40),
(28, '2023-04-17', 40),
(29, '2023-04-06', 40),
(30, '2023-04-11', 40),
(31, '2023-04-11', 40),
(32, '2023-04-19', 40),
(33, '2023-04-12', 40),
(34, '2023-04-18', 40),
(35, '2023-04-12', 40),
(36, '2023-05-01', 40),
(37, '2023-04-10', 40),
(38, '2023-04-04', 40),
(39, '2023-05-01', 40),
(40, '2023-05-03', 40),
(41, '2023-04-12', 40),
(42, '2023-04-10', 40),
(43, '2023-05-02', 40),
(44, '2023-04-29', 40),
(45, '2023-04-28', 40),
(46, '2023-04-17', 40),
(47, '2023-04-10', 40),
(48, '2023-04-22', 40),
(49, '2023-05-02', 40),
(50, '2023-04-21', 40),
(51, '2023-05-02', 40),
(52, '2023-05-01', 40),
(53, '2023-05-04', 40),
(54, '2023-04-05', 40),
(55, '2023-04-20', 40),
(56, '2023-05-01', 40),
(57, '2023-05-02', 40),
(58, '2023-05-03', 40),
(59, '2023-05-01', 40),
(60, '2023-04-20', 40),
(61, '2023-04-17', 40),
(62, '2023-05-04', 40),
(63, '2023-05-03', 40),
(64, '2023-04-20', 40),
(65, '2023-05-01', 40),
(66, '2023-04-10', 40),
(67, '2023-04-19', 40),
(68, '2023-04-14', 40),
(69, '2023-05-03', 40),
(70, '2023-05-02', 40),
(71, '2023-04-09', 40),
(72, '2023-05-03', 40),
(73, '2023-05-03', 40),
(74, '2023-04-20', 40),
(75, '2023-04-23', 40),
(76, '2023-04-08', 40),
(77, '2023-04-29', 40),
(78, '2023-04-10', 40),
(79, '2023-05-01', 40),
(80, '2023-04-15', 40),
(81, '2023-05-01', 40),
(82, '2023-04-22', 40),
(83, '2023-04-22', 40),
(84, '2023-04-20', 40),
(85, '2023-04-21', 40),
(86, '2023-04-12', 40),
(87, '2023-04-14', 40),
(88, '2023-04-14', 40),
(89, '2023-04-23', 40),
(90, '2023-04-13', 40),
(91, '2023-04-10', 40),
(92, '2023-04-21', 40),
(93, '2023-04-12', 40),
(94, '2023-04-17', 40),
(95, '2023-04-19', 40),
(96, '2023-04-18', 40),
(97, '2023-04-11', 40),
(98, '2023-04-14', 40),
(99, '2023-04-16', 40),
(100, '2023-04-25', 40),
(101, '2023-04-20', 45),
(102, '2023-04-24', 45),
(103, '2023-04-19', 45),
(104, '2023-05-13', 45),
(105, '2023-05-06', 45),
(106, '2023-04-20', 45),
(107, '2023-04-21', 45),
(108, '2023-05-11', 45),
(109, '2023-04-20', 45),
(110, '2023-05-12', 45),
(111, '2023-04-28', 45),
(112, '2023-04-20', 45),
(113, '2023-05-11', 45),
(114, '2023-05-02', 45),
(115, '2023-05-04', 45),
(116, '2023-05-12', 45),
(117, '2023-04-13', 45),
(118, '2023-04-12', 45),
(119, '2023-05-10', 45),
(120, '2023-05-04', 45),
(121, '2023-05-03', 45),
(122, '2023-04-07', 45),
(123, '2023-05-14', 45),
(124, '2023-05-12', 45),
(125, '2023-04-20', 45),
(126, '2023-05-11', 45),
(127, '2023-04-27', 45),
(128, '2023-05-10', 45),
(129, '2023-05-11', 45),
(130, '2023-05-06', 45),
(131, '2023-05-03', 45),
(132, '2023-05-10', 45),
(133, '2023-05-07', 45),
(134, '2023-05-13', 45),
(135, '2023-05-03', 45),
(136, '2023-04-06', 45),
(137, '2023-05-01', 45),
(138, '2023-05-10', 45),
(139, '2023-05-14', 45),
(140, '2023-05-10', 45),
(141, '2023-05-10', 45),
(142, '2023-04-20', 45),
(143, '2023-05-10', 45),
(144, '2023-05-10', 45),
(145, '2023-05-01', 45),
(146, '2023-05-10', 45),
(147, '2023-05-09', 45),
(148, '2023-05-12', 45),
(149, '2023-05-10', 45),
(150, '2023-05-07', 45),
(151, '2023-05-08', 45),
(152, '2023-05-10', 45),
(153, '2023-05-11', 45),
(154, '2023-05-05', 45),
(155, '2023-05-03', 45),
(156, '2023-05-01', 45),
(157, '2023-04-20', 45),
(158, '2023-05-02', 45),
(159, '2023-05-10', 45),
(160, '2023-05-02', 45),
(161, '2023-05-10', 45),
(162, '2023-03-17', 45),
(163, '2023-05-04', 45),
(164, '2023-05-14', 45),
(165, '2023-05-08', 45),
(166, '2023-04-20', 45),
(167, '2023-04-20', 45),
(168, '2023-05-08', 45),
(169, '2023-05-10', 45),
(170, '2023-04-20', 45),
(171, '2023-04-13', 45),
(172, '2023-05-11', 45),
(173, '2023-04-10', 45),
(174, '2023-05-11', 45),
(175, '2023-05-03', 45),
(176, '2023-05-11', 45),
(177, '2023-04-07', 45),
(178, '2023-05-09', 45),
(179, '2023-05-04', 45),
(180, '2023-04-20', 45),
(181, '2023-05-13', 45),
(182, '2023-05-01', 45),
(183, '2023-05-14', 45),
(184, '2023-04-18', 45),
(185, '2023-05-13', 45),
(186, '2023-03-20', 45),
(187, '2023-05-03', 45),
(188, '2023-05-07', 45),
(189, '2023-05-03', 45),
(190, '2023-05-04', 45),
(191, '2023-05-01', 45),
(192, '2023-04-09', 45),
(193, '2023-05-11', 45),
(194, '2023-05-14', 45),
(195, '2023-04-12', 45),
(196, '2023-04-15', 45),
(197, '2023-05-11', 45),
(198, '2023-05-14', 45),
(199, '2023-05-09', 45),
(200, '2023-05-12', 45),
(201, '2023-04-27', 50),
(202, '2023-05-09', 50),
(203, '2023-05-02', 50),
(204, '2023-05-06', 50),
(205, '2023-03-28', 50),
(206, '2023-05-14', 50),
(207, '2023-03-28', 50),
(208, '2023-04-30', 50),
(209, '2023-05-03', 50),
(210, '2023-05-04', 50),
(211, '2023-05-03', 50),
(212, '2023-05-01', 50),
(213, '2023-04-07', 50),
(214, '2023-05-08', 50),
(215, '2023-05-03', 50),
(216, '2023-04-11', 50),
(217, '2023-05-03', 50),
(218, '2023-05-19', 50),
(219, '2023-04-18', 50),
(220, '2023-04-21', 50),
(221, '2023-04-26', 50),
(222, '2023-05-08', 50),
(223, '2023-05-14', 50),
(224, '2023-05-08', 50),
(225, '2023-04-01', 50),
(226, '2023-05-04', 50),
(227, '2023-05-12', 50),
(228, '2023-05-22', 50),
(229, '2023-05-12', 50),
(230, '2023-04-29', 50),
(231, '2023-04-10', 50),
(232, '2023-05-10', 50),
(233, '2023-04-14', 50),
(234, '2023-04-18', 50),
(235, '2023-05-07', 50),
(236, '2023-04-17', 50),
(237, '2023-04-06', 50),
(238, '2023-04-28', 50),
(239, '2023-05-08', 50),
(240, '2023-04-01', 50),
(241, '2023-05-12', 50),
(242, '2023-04-14', 50),
(243, '2023-05-08', 50),
(244, '2023-05-11', 50),
(245, '2023-04-07', 50),
(246, '2023-05-05', 50),
(247, '2023-04-21', 50),
(248, '2023-04-25', 50),
(249, '2023-04-23', 50),
(250, '2023-04-01', 50),
(251, '2023-04-07', 50),
(252, '2023-04-11', 50),
(253, '2023-04-17', 50),
(254, '2023-04-12', 50),
(255, '2023-04-19', 50),
(256, '2023-05-03', 50),
(257, '2023-05-02', 50),
(258, '2023-04-19', 50),
(259, '2023-04-13', 50),
(260, '2023-05-01', 50),
(261, '2023-04-07', 50),
(262, '2023-04-24', 50),
(263, '2023-05-01', 50),
(264, '2023-05-17', 50),
(265, '2023-05-17', 50),
(266, '2023-05-07', 50),
(267, '2023-05-10', 50),
(268, '2023-05-08', 50),
(269, '2023-04-24', 50),
(270, '2023-05-17', 50),
(271, '2023-05-14', 50),
(272, '2023-05-08', 50),
(273, '2023-05-09', 50),
(274, '2023-05-10', 50),
(275, '2023-04-11', 50),
(276, '2023-05-12', 50),
(277, '2023-04-23', 50),
(278, '2023-04-22', 50),
(279, '2023-04-21', 50),
(280, '2023-04-02', 50),
(281, '2023-05-18', 50),
(282, '2023-05-04', 50),
(283, '2023-04-19', 50),
(284, '2023-05-08', 50),
(285, '2023-04-08', 50),
(286, '2023-04-18', 50),
(287, '2023-05-03', 50),
(288, '2023-05-10', 50),
(289, '2023-04-18', 50),
(290, '2023-04-08', 50),
(291, '2023-04-12', 50),
(292, '2023-04-28', 50),
(293, '2023-04-19', 50),
(294, '2023-05-08', 50),
(295, '2023-05-08', 50),
(296, '2023-05-18', 50),
(297, '2023-05-14', 50),
(298, '2023-04-21', 50),
(299, '2023-04-26', 50),
(300, '2023-04-08', 50),
(301, '2023-04-08', 60),
(302, '2023-04-09', 60),
(303, '2023-04-09', 60),
(304, '2023-04-11', 60),
(305, '2023-04-13', 60),
(306, '2023-04-15', 60),
(307, '2023-04-08', 60),
(308, '2023-04-08', 60),
(309, '2023-04-08', 60),
(310, '2023-04-19', 60),
(311, '2023-04-08', 60),
(312, '2023-04-20', 60),
(313, '2023-04-20', 60),
(314, '2023-04-08', 60),
(315, '2023-04-21', 60),
(316, '2023-04-25', 60),
(317, '2023-04-25', 60),
(318, '2023-04-29', 60),
(319, '2023-04-05', 60),
(320, '2023-04-08', 60),
(321, '2023-04-22', 60),
(322, '2023-04-08', 60),
(323, '2023-04-22', 60),
(324, '2023-04-22', 60),
(325, '2023-04-26', 60),
(326, '2023-04-20', 60),
(327, '2023-04-21', 60),
(328, '2023-04-20', 60),
(329, '2023-04-08', 60),
(330, '2023-04-08', 60),
(331, '2023-04-08', 60),
(332, '2023-04-29', 60),
(333, '2023-04-08', 60),
(334, '2023-04-25', 60),
(335, '2023-04-08', 60),
(336, '2023-04-08', 60),
(337, '2023-04-25', 60),
(338, '2023-04-08', 60),
(339, '2023-04-25', 60),
(340, '2023-04-08', 60),
(341, '2023-04-25', 60),
(342, '2023-04-24', 60),
(343, '2023-04-26', 60),
(344, '2023-04-29', 60),
(345, '2023-04-28', 60),
(346, '2023-04-08', 60),
(347, '2023-04-08', 60),
(348, '2023-04-08', 60),
(349, '2023-04-08', 60),
(350, '2023-04-22', 60),
(351, '2023-04-08', 60),
(352, '2023-04-08', 60),
(353, '2023-04-25', 60),
(354, '2023-04-08', 60),
(355, '2023-04-08', 60),
(356, '2023-04-30', 60),
(357, '2023-04-29', 60),
(358, '2023-04-26', 60),
(359, '2023-04-08', 60),
(360, '2023-04-27', 60),
(361, '2023-06-01', 60),
(362, '2023-06-01', 60),
(363, '2023-04-08', 60),
(364, '2023-05-08', 60),
(365, '2023-05-08', 60),
(366, '2023-04-08', 60),
(367, '2023-05-08', 60),
(368, '2023-04-08', 60),
(369, '2023-05-08', 60),
(370, '2023-06-01', 60),
(371, '2023-04-08', 60),
(372, '2023-05-08', 60),
(373, '2023-06-01', 60),
(374, '2023-06-01', 60),
(375, '2023-06-01', 60);

-- --------------------------------------------------------

--
-- Table structure for table `purchase`
--

CREATE TABLE `purchase` (
  `pid` int(11) NOT NULL,
  `seatid` int(11) NOT NULL,
  `eventid` int(11) NOT NULL
) ENGINE=InnoDB DEFAULT CHARSET=utf8mb4 COLLATE=utf8mb4_general_ci;

--
-- Dumping data for table `purchase`
--

INSERT INTO `purchase` (`pid`, `seatid`, `eventid`) VALUES
(1, 37, 3),
(2, 38, 3),
(3, 39, 3),
(4, 40, 3),
(5, 41, 3),
(6, 42, 3),
(7, 43, 3),
(8, 44, 3),
(9, 45, 3),
(10, 46, 3),
(11, 47, 3),
(12, 48, 3),
(13, 97, 3),
(14, 98, 3),
(15, 99, 3),
(16, 100, 3),
(17, 101, 3),
(18, 102, 3),
(19, 103, 3),
(20, 104, 3),
(21, 105, 3),
(22, 106, 3),
(23, 107, 3),
(24, 108, 3),
(25, 157, 3),
(26, 158, 3),
(27, 159, 3),
(28, 160, 3),
(29, 161, 3),
(30, 162, 3),
(31, 163, 3),
(32, 164, 3),
(33, 165, 3),
(34, 166, 3),
(35, 167, 3),
(36, 168, 3),
(37, 217, 3),
(38, 218, 3),
(39, 219, 3),
(40, 220, 3),
(41, 221, 3),
(42, 222, 3),
(43, 223, 3),
(44, 224, 3),
(45, 225, 3),
(46, 226, 3),
(47, 227, 3),
(48, 228, 3),
(49, 277, 3),
(50, 278, 3),
(51, 279, 3),
(52, 280, 3),
(53, 281, 3),
(54, 282, 3),
(55, 283, 3),
(56, 284, 3),
(57, 285, 3),
(58, 286, 3),
(59, 287, 3),
(60, 288, 3),
(61, 337, 3),
(62, 338, 3),
(63, 339, 3),
(64, 340, 3),
(65, 341, 3),
(66, 342, 3),
(67, 343, 3),
(68, 344, 3),
(69, 345, 3),
(70, 346, 3),
(71, 347, 3),
(72, 348, 3),
(73, 397, 3),
(74, 398, 3),
(75, 399, 3),
(76, 400, 3),
(77, 401, 3),
(78, 402, 3),
(79, 403, 3),
(80, 404, 3),
(81, 405, 3),
(82, 406, 3),
(83, 407, 3),
(84, 408, 3),
(85, 457, 3),
(86, 458, 3),
(87, 459, 3),
(88, 460, 3),
(89, 461, 3),
(90, 462, 3),
(91, 463, 3),
(92, 464, 3),
(93, 465, 3),
(94, 466, 3),
(95, 467, 3),
(96, 468, 3),
(97, 517, 3),
(98, 518, 3),
(99, 519, 3),
(100, 520, 3),
(101, 13, 1),
(102, 15, 1),
(103, 17, 1),
(104, 18, 1),
(105, 19, 1),
(106, 75, 1),
(107, 78, 1),
(108, 80, 1),
(109, 82, 1),
(110, 83, 1),
(111, 133, 1),
(112, 136, 1),
(113, 137, 1),
(114, 140, 1),
(115, 144, 1),
(116, 194, 1),
(117, 196, 1),
(118, 200, 1),
(119, 202, 1),
(120, 203, 1),
(121, 254, 1),
(122, 257, 1),
(123, 259, 1),
(124, 261, 1),
(125, 262, 1),
(126, 264, 1),
(127, 24, 1),
(128, 73, 1),
(129, 142, 1),
(130, 313, 1),
(131, 315, 1),
(132, 317, 1),
(133, 320, 1),
(134, 324, 1),
(135, 376, 1),
(136, 378, 1),
(137, 380, 1),
(138, 282, 1),
(139, 284, 1),
(140, 433, 1),
(141, 436, 1),
(142, 438, 1),
(143, 442, 1),
(144, 444, 1),
(145, 494, 1),
(146, 497, 1),
(147, 499, 1),
(148, 501, 1),
(149, 503, 1),
(150, 546, 1),
(151, 548, 1),
(152, 550, 1),
(153, 553, 1),
(154, 555, 1),
(155, 594, 1),
(156, 597, 1),
(157, 599, 1),
(158, 601, 1),
(159, 604, 1),
(160, 741, 1),
(161, 744, 1),
(162, 745, 1),
(163, 747, 1),
(164, 748, 1),
(165, 786, 1),
(166, 789, 1),
(167, 791, 1),
(168, 794, 1),
(169, 796, 1),
(170, 978, 1),
(171, 980, 1),
(172, 982, 1),
(173, 984, 1),
(174, 986, 1),
(175, 1073, 1),
(176, 1075, 1),
(177, 1079, 1),
(178, 1082, 1),
(179, 1084, 1),
(180, 1169, 1),
(181, 1171, 1),
(182, 1173, 1),
(183, 1178, 1),
(184, 1180, 1),
(185, 1362, 1),
(186, 1364, 1),
(187, 1369, 1),
(188, 1370, 1),
(189, 1457, 1),
(190, 1460, 1),
(191, 1463, 1),
(192, 1465, 1),
(193, 1468, 1),
(194, 1650, 1),
(195, 1653, 1),
(196, 1655, 1),
(197, 1657, 1),
(198, 1660, 1),
(199, 198, 1),
(200, 1085, 1),
(201, 49, 11),
(202, 55, 11),
(203, 60, 11),
(204, 110, 11),
(205, 118, 11),
(206, 172, 11),
(207, 236, 11),
(208, 240, 11),
(209, 290, 11),
(210, 300, 11),
(211, 355, 11),
(212, 360, 11),
(213, 409, 11),
(214, 420, 11),
(215, 465, 11),
(216, 476, 11),
(217, 523, 11),
(218, 532, 11),
(219, 570, 11),
(220, 576, 11),
(221, 580, 11),
(222, 619, 11),
(223, 627, 11),
(224, 665, 11),
(225, 670, 11),
(226, 714, 11),
(227, 761, 11),
(228, 772, 11),
(229, 812, 11),
(230, 820, 11),
(231, 857, 11),
(232, 859, 11),
(233, 867, 11),
(234, 868, 11),
(235, 905, 11),
(236, 906, 11),
(237, 912, 11),
(238, 957, 11),
(239, 960, 11),
(240, 964, 11),
(241, 1010, 11),
(242, 1012, 11),
(243, 1049, 11),
(244, 1052, 11),
(245, 1055, 11),
(246, 1060, 11),
(247, 1097, 11),
(248, 1099, 11),
(249, 1105, 11),
(250, 1108, 11),
(251, 1149, 11),
(252, 1153, 11),
(253, 1194, 11),
(254, 1199, 11),
(255, 1120, 11),
(256, 1244, 11),
(257, 1250, 11),
(258, 1290, 11),
(259, 1297, 11),
(260, 1300, 11),
(261, 1393, 11),
(262, 1396, 11),
(263, 1433, 11),
(264, 1481, 11),
(265, 1485, 11),
(266, 1490, 11),
(267, 1529, 11),
(268, 1530, 11),
(269, 1537, 11),
(270, 1583, 11),
(271, 1587, 11),
(272, 1627, 11),
(273, 1631, 11),
(274, 1675, 11),
(275, 1678, 11),
(276, 1680, 11),
(277, 1716, 11),
(278, 1749, 11),
(279, 1753, 11),
(280, 1788, 11),
(281, 1791, 11),
(282, 1822, 11),
(283, 1827, 11),
(284, 1858, 11),
(285, 1862, 11),
(286, 1863, 11),
(287, 1898, 11),
(288, 1900, 11),
(289, 1903, 11),
(290, 1930, 11),
(291, 1933, 11),
(292, 1965, 11),
(293, 1968, 11),
(294, 1970, 11),
(295, 1971, 11),
(296, 1994, 11),
(297, 1998, 11),
(298, 2000, 11),
(299, 1931, 11),
(300, 1932, 11),
(301, 13, 8),
(302, 15, 8),
(303, 17, 8),
(304, 18, 8),
(305, 19, 8),
(306, 75, 8),
(307, 78, 8),
(308, 80, 8),
(309, 82, 8),
(310, 83, 8),
(311, 133, 8),
(312, 136, 8),
(313, 137, 8),
(314, 140, 8),
(315, 144, 8),
(316, 194, 8),
(317, 196, 8),
(318, 198, 8),
(319, 200, 8),
(320, 202, 8),
(321, 203, 8),
(322, 254, 8),
(323, 257, 8),
(324, 259, 8),
(325, 261, 8),
(326, 262, 8),
(327, 264, 8),
(328, 24, 8),
(329, 73, 8),
(330, 142, 8),
(331, 313, 8),
(332, 315, 8),
(333, 317, 8),
(334, 320, 8),
(335, 324, 8),
(336, 376, 8),
(337, 378, 8),
(338, 380, 8),
(339, 282, 8),
(340, 284, 8),
(341, 433, 8),
(342, 436, 8),
(343, 438, 8),
(344, 442, 8),
(345, 494, 8),
(346, 444, 8),
(347, 497, 8),
(348, 499, 8),
(349, 501, 8),
(350, 503, 8),
(351, 546, 8),
(352, 550, 8),
(353, 555, 8),
(354, 553, 8),
(355, 594, 8),
(356, 597, 8),
(357, 599, 8),
(358, 601, 8),
(359, 604, 8),
(360, 741, 8),
(361, 744, 8),
(362, 745, 8),
(363, 747, 8),
(364, 786, 8),
(365, 789, 8),
(366, 791, 8),
(367, 794, 8),
(368, 1075, 8),
(369, 1079, 8),
(370, 1082, 8),
(371, 1084, 8),
(372, 1180, 8),
(373, 1169, 8),
(374, 1171, 8),
(375, 1173, 8);

-- --------------------------------------------------------

--
-- Table structure for table `Seats`
--

CREATE TABLE `Seats` (
  `seat_id` int(11) NOT NULL,
  `seat_number` int(11) DEFAULT NULL,
  `class` varchar(2) DEFAULT NULL,
  `stadium_id` int(11) NOT NULL
) ENGINE=InnoDB DEFAULT CHARSET=utf8mb4 COLLATE=utf8mb4_general_ci;

--
-- Dumping data for table `Seats`
--

INSERT INTO `Seats` (`seat_id`, `seat_number`, `class`, `stadium_id`) VALUES
(1, 1, 'A', 1),
(2, 2, 'A', 1),
(3, 3, 'A', 1),
(4, 4, 'A', 1),
(5, 5, 'A', 1),
(6, 6, 'A', 1),
(7, 7, 'A', 1),
(8, 8, 'A', 1),
(9, 9, 'A', 1),
(10, 10, 'A', 1),
(11, 11, 'A', 1),
(12, 12, 'A', 1),
(13, 1, 'A', 2),
(14, 2, 'A', 2),
(15, 3, 'A', 2),
(16, 4, 'A', 2),
(17, 5, 'A', 2),
(18, 6, 'A', 2),
(19, 7, 'A', 2),
(20, 8, 'A', 2),
(21, 9, 'A', 2),
(22, 10, 'A', 2),
(23, 11, 'A', 2),
(24, 12, 'A', 2),
(25, 1, 'A', 3),
(26, 2, 'A', 3),
(27, 3, 'A', 3),
(28, 4, 'A', 3),
(29, 5, 'A', 3),
(30, 6, 'A', 3),
(31, 7, 'A', 3),
(32, 8, 'A', 3),
(33, 9, 'A', 3),
(34, 10, 'A', 3),
(35, 11, 'A', 3),
(36, 12, 'A', 3),
(37, 1, 'A', 4),
(38, 2, 'A', 4),
(39, 3, 'A', 4),
(40, 4, 'A', 4),
(41, 5, 'A', 4),
(42, 6, 'A', 4),
(43, 7, 'A', 4),
(44, 8, 'A', 4),
(45, 9, 'A', 4),
(46, 10, 'A', 4),
(47, 11, 'A', 4),
(48, 12, 'A', 4),
(49, 1, 'A', 5),
(50, 2, 'A', 5),
(51, 3, 'A', 5),
(52, 4, 'A', 5),
(53, 5, 'A', 5),
(54, 6, 'A', 5),
(55, 7, 'A', 5),
(56, 8, 'A', 5),
(57, 9, 'A', 5),
(58, 10, 'A', 5),
(59, 11, 'A', 5),
(60, 12, 'A', 5),
(61, 13, 'A', 1),
(62, 14, 'A', 1),
(63, 15, 'A', 1),
(64, 16, 'A', 1),
(65, 17, 'A', 1),
(66, 18, 'A', 1),
(67, 19, 'A', 1),
(68, 20, 'A', 1),
(69, 21, 'A', 1),
(70, 22, 'A', 1),
(71, 23, 'A', 1),
(72, 24, 'A', 1),
(73, 13, 'A', 2),
(74, 14, 'A', 2),
(75, 15, 'A', 2),
(76, 16, 'A', 2),
(77, 17, 'A', 2),
(78, 18, 'A', 2),
(79, 19, 'A', 2),
(80, 20, 'A', 2),
(81, 21, 'A', 2),
(82, 22, 'A', 2),
(83, 23, 'A', 2),
(84, 24, 'A', 2),
(85, 13, 'A', 3),
(86, 14, 'A', 3),
(87, 15, 'A', 3),
(88, 16, 'A', 3),
(89, 17, 'A', 3),
(90, 18, 'A', 3),
(91, 19, 'A', 3),
(92, 20, 'A', 3),
(93, 21, 'A', 3),
(94, 22, 'A', 3),
(95, 23, 'A', 3),
(96, 24, 'A', 3),
(97, 13, 'A', 4),
(98, 14, 'A', 4),
(99, 15, 'A', 4),
(100, 16, 'A', 4),
(101, 17, 'A', 4),
(102, 18, 'A', 4),
(103, 19, 'A', 4),
(104, 20, 'A', 4),
(105, 21, 'A', 4),
(106, 22, 'A', 4),
(107, 23, 'A', 4),
(108, 24, 'A', 4),
(109, 13, 'A', 5),
(110, 14, 'A', 5),
(111, 15, 'A', 5),
(112, 16, 'A', 5),
(113, 17, 'A', 5),
(114, 18, 'A', 5),
(115, 19, 'A', 5),
(116, 20, 'A', 5),
(117, 21, 'A', 5),
(118, 22, 'A', 5),
(119, 23, 'A', 5),
(120, 24, 'A', 5),
(121, 25, 'A', 1),
(122, 26, 'A', 1),
(123, 27, 'A', 1),
(124, 28, 'A', 1),
(125, 29, 'A', 1),
(126, 30, 'A', 1),
(127, 31, 'A', 1),
(128, 32, 'A', 1),
(129, 33, 'A', 1),
(130, 34, 'A', 1),
(131, 35, 'A', 1),
(132, 36, 'A', 1),
(133, 25, 'A', 2),
(134, 26, 'A', 2),
(135, 27, 'A', 2),
(136, 28, 'A', 2),
(137, 29, 'A', 2),
(138, 30, 'A', 2),
(139, 31, 'A', 2),
(140, 32, 'A', 2),
(141, 33, 'A', 2),
(142, 34, 'A', 2),
(143, 35, 'A', 2),
(144, 36, 'A', 2),
(145, 25, 'A', 3),
(146, 26, 'A', 3),
(147, 27, 'A', 3),
(148, 28, 'A', 3),
(149, 29, 'A', 3),
(150, 30, 'A', 3),
(151, 31, 'A', 3),
(152, 32, 'A', 3),
(153, 33, 'A', 3),
(154, 34, 'A', 3),
(155, 35, 'A', 3),
(156, 36, 'A', 3),
(157, 25, 'A', 4),
(158, 1, 'B', 4),
(159, 2, 'B', 4),
(160, 3, 'B', 4),
(161, 4, 'B', 4),
(162, 5, 'B', 4),
(163, 6, 'B', 4),
(164, 7, 'B', 4),
(165, 8, 'B', 4),
(166, 9, 'B', 4),
(167, 10, 'B', 4),
(168, 11, 'B', 4),
(169, 25, 'A', 5),
(170, 26, 'A', 5),
(171, 27, 'A', 5),
(172, 28, 'A', 5),
(173, 29, 'A', 5),
(174, 30, 'A', 5),
(175, 31, 'A', 5),
(176, 32, 'A', 5),
(177, 33, 'A', 5),
(178, 34, 'A', 5),
(179, 35, 'A', 5),
(180, 36, 'A', 5),
(181, 37, 'A', 1),
(182, 38, 'A', 1),
(183, 39, 'A', 1),
(184, 40, 'A', 1),
(185, 41, 'A', 1),
(186, 42, 'A', 1),
(187, 43, 'A', 1),
(188, 44, 'A', 1),
(189, 45, 'A', 1),
(190, 46, 'A', 1),
(191, 47, 'A', 1),
(192, 48, 'A', 1),
(193, 37, 'A', 2),
(194, 38, 'A', 2),
(195, 39, 'A', 2),
(196, 40, 'A', 2),
(197, 41, 'A', 2),
(198, 42, 'A', 2),
(199, 43, 'A', 2),
(200, 44, 'A', 2),
(201, 45, 'A', 2),
(202, 46, 'A', 2),
(203, 47, 'A', 2),
(204, 48, 'A', 2),
(205, 37, 'A', 3),
(206, 38, 'A', 3),
(207, 39, 'A', 3),
(208, 40, 'A', 3),
(209, 41, 'A', 3),
(210, 42, 'A', 3),
(211, 43, 'A', 3),
(212, 44, 'A', 3),
(213, 45, 'A', 3),
(214, 46, 'A', 3),
(215, 47, 'A', 3),
(216, 48, 'A', 3),
(217, 12, 'B', 4),
(218, 13, 'B', 4),
(219, 14, 'B', 4),
(220, 15, 'B', 4),
(221, 16, 'B', 4),
(222, 17, 'B', 4),
(223, 18, 'B', 4),
(224, 19, 'B', 4),
(225, 20, 'B', 4),
(226, 21, 'B', 4),
(227, 22, 'B', 4),
(228, 23, 'B', 4),
(229, 37, 'A', 5),
(230, 38, 'A', 5),
(231, 39, 'A', 5),
(232, 40, 'A', 5),
(233, 41, 'A', 5),
(234, 42, 'A', 5),
(235, 43, 'A', 5),
(236, 44, 'A', 5),
(237, 45, 'A', 5),
(238, 46, 'A', 5),
(239, 47, 'A', 5),
(240, 48, 'A', 5),
(241, 49, 'A', 1),
(242, 50, 'A', 1),
(243, 51, 'A', 1),
(244, 52, 'A', 1),
(245, 53, 'A', 1),
(246, 54, 'A', 1),
(247, 55, 'A', 1),
(248, 56, 'A', 1),
(249, 57, 'A', 1),
(250, 58, 'A', 1),
(251, 59, 'A', 1),
(252, 60, 'A', 1),
(253, 49, 'A', 2),
(254, 50, 'A', 2),
(255, 51, 'A', 2),
(256, 52, 'A', 2),
(257, 53, 'A', 2),
(258, 54, 'A', 2),
(259, 55, 'A', 2),
(260, 56, 'A', 2),
(261, 57, 'A', 2),
(262, 58, 'A', 2),
(263, 59, 'A', 2),
(264, 60, 'A', 2),
(265, 49, 'A', 3),
(266, 50, 'A', 3),
(267, 51, 'A', 3),
(268, 52, 'A', 3),
(269, 53, 'A', 3),
(270, 54, 'A', 3),
(271, 55, 'A', 3),
(272, 56, 'A', 3),
(273, 57, 'A', 3),
(274, 58, 'A', 3),
(275, 59, 'A', 3),
(276, 60, 'A', 3),
(277, 24, 'B', 4),
(278, 25, 'B', 4),
(279, 26, 'B', 4),
(280, 27, 'B', 4),
(281, 28, 'B', 4),
(282, 29, 'B', 4),
(283, 30, 'B', 4),
(284, 31, 'B', 4),
(285, 32, 'B', 4),
(286, 33, 'B', 4),
(287, 34, 'B', 4),
(288, 35, 'B', 4),
(289, 49, 'A', 5),
(290, 50, 'A', 5),
(291, 51, 'A', 5),
(292, 52, 'A', 5),
(293, 53, 'A', 5),
(294, 54, 'A', 5),
(295, 55, 'A', 5),
(296, 56, 'A', 5),
(297, 57, 'A', 5),
(298, 58, 'A', 5),
(299, 59, 'A', 5),
(300, 60, 'A', 5),
(301, 1, 'B', 1),
(302, 2, 'B', 1),
(303, 3, 'B', 1),
(304, 4, 'B', 1),
(305, 5, 'B', 1),
(306, 6, 'B', 1),
(307, 7, 'B', 1),
(308, 8, 'B', 1),
(309, 9, 'B', 1),
(310, 10, 'B', 1),
(311, 11, 'B', 1),
(312, 12, 'B', 1),
(313, 1, 'B', 2),
(314, 2, 'B', 2),
(315, 3, 'B', 2),
(316, 4, 'B', 2),
(317, 5, 'B', 2),
(318, 6, 'B', 2),
(319, 7, 'B', 2),
(320, 8, 'B', 2),
(321, 9, 'B', 2),
(322, 10, 'B', 2),
(323, 11, 'B', 2),
(324, 12, 'B', 2),
(325, 1, 'B', 3),
(326, 2, 'B', 3),
(327, 3, 'B', 3),
(328, 4, 'B', 3),
(329, 5, 'B', 3),
(330, 6, 'B', 3),
(331, 7, 'B', 3),
(332, 8, 'B', 3),
(333, 9, 'B', 3),
(334, 10, 'B', 3),
(335, 11, 'B', 3),
(336, 12, 'B', 3),
(337, 1, 'C', 4),
(338, 2, 'C', 4),
(339, 3, 'C', 4),
(340, 4, 'C', 4),
(341, 5, 'C', 4),
(342, 6, 'C', 4),
(343, 7, 'C', 4),
(344, 8, 'C', 4),
(345, 9, 'C', 4),
(346, 10, 'C', 4),
(347, 11, 'C', 4),
(348, 12, 'C', 4),
(349, 1, 'B', 5),
(350, 2, 'B', 5),
(351, 3, 'B', 5),
(352, 4, 'B', 5),
(353, 5, 'B', 5),
(354, 6, 'B', 5),
(355, 7, 'B', 5),
(356, 8, 'B', 5),
(357, 9, 'B', 5),
(358, 10, 'B', 5),
(359, 11, 'B', 5),
(360, 12, 'B', 5),
(361, 13, 'B', 1),
(362, 14, 'B', 1),
(363, 15, 'B', 1),
(364, 16, 'B', 1),
(365, 17, 'B', 1),
(366, 18, 'B', 1),
(367, 19, 'B', 1),
(368, 20, 'B', 1),
(369, 21, 'B', 1),
(370, 22, 'B', 1),
(371, 23, 'B', 1),
(372, 24, 'B', 1),
(373, 13, 'B', 2),
(374, 14, 'B', 2),
(375, 15, 'B', 2),
(376, 16, 'B', 2),
(377, 17, 'B', 2),
(378, 18, 'B', 2),
(379, 19, 'B', 2),
(380, 20, 'B', 2),
(381, 21, 'B', 2),
(382, 22, 'B', 2),
(383, 23, 'B', 2),
(384, 24, 'B', 2),
(385, 13, 'B', 3),
(386, 14, 'B', 3),
(387, 15, 'B', 3),
(388, 16, 'B', 3),
(389, 17, 'B', 3),
(390, 18, 'B', 3),
(391, 19, 'B', 3),
(392, 20, 'B', 3),
(393, 21, 'B', 3),
(394, 22, 'B', 3),
(395, 23, 'B', 3),
(396, 24, 'B', 3),
(397, 13, 'C', 4),
(398, 14, 'C', 4),
(399, 15, 'C', 4),
(400, 16, 'C', 4),
(401, 17, 'C', 4),
(402, 18, 'C', 4),
(403, 19, 'C', 4),
(404, 20, 'C', 4),
(405, 21, 'C', 4),
(406, 22, 'C', 4),
(407, 23, 'C', 4),
(408, 24, 'C', 4),
(409, 13, 'B', 5),
(410, 14, 'B', 5),
(411, 15, 'B', 5),
(412, 16, 'B', 5),
(413, 17, 'B', 5),
(414, 18, 'B', 5),
(415, 19, 'B', 5),
(416, 20, 'B', 5),
(417, 21, 'B', 5),
(418, 22, 'B', 5),
(419, 23, 'B', 5),
(420, 24, 'B', 5),
(421, 25, 'B', 1),
(422, 26, 'B', 1),
(423, 27, 'B', 1),
(424, 28, 'B', 1),
(425, 29, 'B', 1),
(426, 30, 'B', 1),
(427, 31, 'B', 1),
(428, 32, 'B', 1),
(429, 33, 'B', 1),
(430, 34, 'B', 1),
(431, 35, 'B', 1),
(432, 36, 'B', 1),
(433, 25, 'B', 2),
(434, 26, 'B', 2),
(435, 27, 'B', 2),
(436, 28, 'B', 2),
(437, 29, 'B', 2),
(438, 30, 'B', 2),
(439, 31, 'B', 2),
(440, 32, 'B', 2),
(441, 33, 'B', 2),
(442, 34, 'B', 2),
(443, 35, 'B', 2),
(444, 36, 'B', 2),
(445, 25, 'B', 3),
(446, 26, 'B', 3),
(447, 27, 'B', 3),
(448, 28, 'B', 3),
(449, 29, 'B', 3),
(450, 30, 'B', 3),
(451, 31, 'B', 3),
(452, 32, 'B', 3),
(453, 33, 'B', 3),
(454, 34, 'B', 3),
(455, 35, 'B', 3),
(456, 36, 'B', 3),
(457, 25, 'C', 4),
(458, 26, 'C', 4),
(459, 27, 'C', 4),
(460, 28, 'C', 4),
(461, 29, 'C', 4),
(462, 30, 'C', 4),
(463, 31, 'C', 4),
(464, 32, 'C', 4),
(465, 33, 'C', 4),
(466, 34, 'C', 4),
(467, 35, 'C', 4),
(468, 36, 'C', 4),
(469, 25, 'B', 5),
(470, 26, 'B', 5),
(471, 27, 'B', 5),
(472, 28, 'B', 5),
(473, 29, 'B', 5),
(474, 30, 'B', 5),
(475, 31, 'B', 5),
(476, 32, 'B', 5),
(477, 33, 'B', 5),
(478, 34, 'B', 5),
(479, 35, 'B', 5),
(480, 36, 'B', 5),
(481, 37, 'B', 1),
(482, 38, 'B', 1),
(483, 39, 'B', 1),
(484, 40, 'B', 1),
(485, 41, 'B', 1),
(486, 42, 'B', 1),
(487, 43, 'B', 1),
(488, 44, 'B', 1),
(489, 45, 'B', 1),
(490, 46, 'B', 1),
(491, 47, 'B', 1),
(492, 48, 'B', 1),
(493, 37, 'B', 2),
(494, 38, 'B', 2),
(495, 39, 'B', 2),
(496, 40, 'B', 2),
(497, 41, 'B', 2),
(498, 42, 'B', 2),
(499, 43, 'B', 2),
(500, 44, 'B', 2),
(501, 45, 'B', 2),
(502, 46, 'B', 2),
(503, 47, 'B', 2),
(504, 48, 'B', 2),
(505, 37, 'B', 3),
(506, 38, 'B', 3),
(507, 39, 'B', 3),
(508, 40, 'B', 3),
(509, 41, 'B', 3),
(510, 42, 'B', 3),
(511, 43, 'B', 3),
(512, 44, 'B', 3),
(513, 45, 'B', 3),
(514, 46, 'B', 3),
(515, 47, 'B', 3),
(516, 48, 'B', 3),
(517, 37, 'C', 4),
(518, 38, 'C', 4),
(519, 39, 'C', 4),
(520, 40, 'C', 4),
(521, 37, 'B', 5),
(522, 38, 'B', 5),
(523, 39, 'B', 5),
(524, 40, 'B', 5),
(525, 41, 'B', 5),
(526, 42, 'B', 5),
(527, 43, 'B', 5),
(528, 44, 'B', 5),
(529, 45, 'B', 5),
(530, 46, 'B', 5),
(531, 47, 'B', 5),
(532, 48, 'B', 5),
(533, 49, 'B', 1),
(534, 50, 'B', 1),
(535, 51, 'B', 1),
(536, 52, 'B', 1),
(537, 53, 'B', 1),
(538, 54, 'B', 1),
(539, 55, 'B', 1),
(540, 56, 'B', 1),
(541, 57, 'B', 1),
(542, 58, 'B', 1),
(543, 59, 'B', 1),
(544, 60, 'B', 1),
(545, 49, 'B', 2),
(546, 50, 'B', 2),
(547, 51, 'B', 2),
(548, 52, 'B', 2),
(549, 53, 'B', 2),
(550, 54, 'B', 2),
(551, 55, 'B', 2),
(552, 56, 'B', 2),
(553, 57, 'B', 2),
(554, 58, 'B', 2),
(555, 59, 'B', 2),
(556, 60, 'B', 2),
(557, 49, 'B', 3),
(558, 50, 'B', 3),
(559, 51, 'B', 3),
(560, 52, 'B', 3),
(561, 53, 'B', 3),
(562, 54, 'B', 3),
(563, 55, 'B', 3),
(564, 56, 'B', 3),
(565, 57, 'B', 3),
(566, 58, 'B', 3),
(567, 59, 'B', 3),
(568, 60, 'B', 3),
(569, 49, 'B', 5),
(570, 50, 'B', 5),
(571, 51, 'B', 5),
(572, 52, 'B', 5),
(573, 53, 'B', 5),
(574, 54, 'B', 5),
(575, 55, 'B', 5),
(576, 56, 'B', 5),
(577, 57, 'B', 5),
(578, 58, 'B', 5),
(579, 59, 'B', 5),
(580, 60, 'B', 5),
(581, 61, 'B', 1),
(582, 62, 'B', 1),
(583, 63, 'B', 1),
(584, 64, 'B', 1),
(585, 65, 'B', 1),
(586, 66, 'B', 1),
(587, 67, 'B', 1),
(588, 68, 'B', 1),
(589, 69, 'B', 1),
(590, 70, 'B', 1),
(591, 71, 'B', 1),
(592, 72, 'B', 1),
(593, 61, 'B', 2),
(594, 62, 'B', 2),
(595, 63, 'B', 2),
(596, 64, 'B', 2),
(597, 65, 'B', 2),
(598, 66, 'B', 2),
(599, 67, 'B', 2),
(600, 68, 'B', 2),
(601, 69, 'B', 2),
(602, 70, 'B', 2),
(603, 71, 'B', 2),
(604, 72, 'B', 2),
(605, 61, 'B', 3),
(606, 62, 'B', 3),
(607, 63, 'B', 3),
(608, 64, 'B', 3),
(609, 65, 'B', 3),
(610, 66, 'B', 3),
(611, 67, 'B', 3),
(612, 68, 'B', 3),
(613, 69, 'B', 3),
(614, 70, 'B', 3),
(615, 71, 'B', 3),
(616, 72, 'B', 3),
(617, 61, 'B', 5),
(618, 62, 'B', 5),
(619, 63, 'B', 5),
(620, 64, 'B', 5),
(621, 65, 'B', 5),
(622, 66, 'B', 5),
(623, 67, 'B', 5),
(624, 68, 'B', 5),
(625, 69, 'B', 5),
(626, 70, 'B', 5),
(627, 71, 'B', 5),
(628, 72, 'B', 5),
(629, 73, 'B', 1),
(630, 74, 'B', 1),
(631, 75, 'B', 1),
(632, 76, 'B', 1),
(633, 77, 'B', 1),
(634, 78, 'B', 1),
(635, 79, 'B', 1),
(636, 80, 'B', 1),
(637, 81, 'B', 1),
(638, 82, 'B', 1),
(639, 83, 'B', 1),
(640, 84, 'B', 1),
(641, 73, 'B', 2),
(642, 74, 'B', 2),
(643, 75, 'B', 2),
(644, 76, 'B', 2),
(645, 77, 'B', 2),
(646, 78, 'B', 2),
(647, 79, 'B', 2),
(648, 80, 'B', 2),
(649, 81, 'B', 2),
(650, 82, 'B', 2),
(651, 83, 'B', 2),
(652, 84, 'B', 2),
(653, 73, 'B', 3),
(654, 74, 'B', 3),
(655, 75, 'B', 3),
(656, 76, 'B', 3),
(657, 77, 'B', 3),
(658, 78, 'B', 3),
(659, 79, 'B', 3),
(660, 80, 'B', 3),
(661, 81, 'B', 3),
(662, 82, 'B', 3),
(663, 83, 'B', 3),
(664, 84, 'B', 3),
(665, 73, 'B', 5),
(666, 74, 'B', 5),
(667, 75, 'B', 5),
(668, 76, 'B', 5),
(669, 77, 'B', 5),
(670, 78, 'B', 5),
(671, 79, 'B', 5),
(672, 80, 'B', 5),
(673, 81, 'B', 5),
(674, 82, 'B', 5),
(675, 83, 'B', 5),
(676, 84, 'B', 5),
(677, 85, 'B', 1),
(678, 86, 'B', 1),
(679, 87, 'B', 1),
(680, 88, 'B', 1),
(681, 89, 'B', 1),
(682, 90, 'B', 1),
(683, 91, 'B', 1),
(684, 92, 'B', 1),
(685, 93, 'B', 1),
(686, 94, 'B', 1),
(687, 95, 'B', 1),
(688, 96, 'B', 1),
(689, 85, 'B', 2),
(690, 86, 'B', 2),
(691, 87, 'B', 2),
(692, 88, 'B', 2),
(693, 89, 'B', 2),
(694, 90, 'B', 2),
(695, 91, 'B', 2),
(696, 92, 'B', 2),
(697, 93, 'B', 2),
(698, 94, 'B', 2),
(699, 95, 'B', 2),
(700, 96, 'B', 2),
(701, 85, 'B', 3),
(702, 86, 'B', 3),
(703, 87, 'B', 3),
(704, 88, 'B', 3),
(705, 89, 'B', 3),
(706, 90, 'B', 3),
(707, 91, 'B', 3),
(708, 92, 'B', 3),
(709, 93, 'B', 3),
(710, 94, 'B', 3),
(711, 95, 'B', 3),
(712, 96, 'B', 3),
(713, 85, 'B', 5),
(714, 86, 'B', 5),
(715, 87, 'B', 5),
(716, 88, 'B', 5),
(717, 89, 'B', 5),
(718, 90, 'B', 5),
(719, 91, 'B', 5),
(720, 92, 'B', 5),
(721, 93, 'B', 5),
(722, 94, 'B', 5),
(723, 95, 'B', 5),
(724, 96, 'B', 5),
(725, 97, 'B', 1),
(726, 98, 'B', 1),
(727, 99, 'B', 1),
(728, 100, 'B', 1),
(729, 1, 'C', 1),
(730, 2, 'C', 1),
(731, 3, 'C', 1),
(732, 4, 'C', 1),
(733, 5, 'C', 1),
(734, 6, 'C', 1),
(735, 7, 'C', 1),
(736, 8, 'C', 1),
(737, 97, 'B', 2),
(738, 98, 'B', 2),
(739, 99, 'B', 2),
(740, 100, 'B', 2),
(741, 1, 'C', 2),
(742, 2, 'C', 2),
(743, 3, 'C', 2),
(744, 4, 'C', 2),
(745, 5, 'C', 2),
(746, 6, 'C', 2),
(747, 7, 'C', 2),
(748, 8, 'C', 2),
(749, 97, 'B', 3),
(750, 98, 'B', 3),
(751, 99, 'B', 3),
(752, 100, 'B', 3),
(753, 1, 'C', 3),
(754, 2, 'C', 3),
(755, 3, 'C', 3),
(756, 4, 'C', 3),
(757, 5, 'C', 3),
(758, 6, 'C', 3),
(759, 7, 'C', 3),
(760, 8, 'C', 3),
(761, 97, 'B', 5),
(762, 98, 'B', 5),
(763, 99, 'B', 5),
(764, 100, 'B', 5),
(765, 101, 'B', 5),
(766, 102, 'B', 5),
(767, 103, 'B', 5),
(768, 104, 'B', 5),
(769, 105, 'B', 5),
(770, 106, 'B', 5),
(771, 107, 'B', 5),
(772, 108, 'B', 5),
(773, 9, 'C', 1),
(774, 10, 'C', 1),
(775, 11, 'C', 1),
(776, 12, 'C', 1),
(777, 13, 'C', 1),
(778, 14, 'C', 1),
(779, 15, 'C', 1),
(780, 16, 'C', 1),
(781, 17, 'C', 1),
(782, 18, 'C', 1),
(783, 19, 'C', 1),
(784, 20, 'C', 1),
(785, 9, 'C', 2),
(786, 10, 'C', 2),
(787, 11, 'C', 2),
(788, 12, 'C', 2),
(789, 13, 'C', 2),
(790, 14, 'C', 2),
(791, 15, 'C', 2),
(792, 16, 'C', 2),
(793, 17, 'C', 2),
(794, 18, 'C', 2),
(795, 19, 'C', 2),
(796, 20, 'C', 2),
(797, 9, 'C', 3),
(798, 10, 'C', 3),
(799, 11, 'C', 3),
(800, 12, 'C', 3),
(801, 13, 'C', 3),
(802, 14, 'C', 3),
(803, 15, 'C', 3),
(804, 16, 'C', 3),
(805, 17, 'C', 3),
(806, 18, 'C', 3),
(807, 19, 'C', 3),
(808, 20, 'C', 3),
(809, 109, 'B', 5),
(810, 110, 'B', 5),
(811, 111, 'B', 5),
(812, 112, 'B', 5),
(813, 113, 'B', 5),
(814, 114, 'B', 5),
(815, 115, 'B', 5),
(816, 116, 'B', 5),
(817, 117, 'B', 5),
(818, 118, 'B', 5),
(819, 119, 'B', 5),
(820, 120, 'B', 5),
(821, 21, 'C', 1),
(822, 22, 'C', 1),
(823, 23, 'C', 1),
(824, 24, 'C', 1),
(825, 25, 'C', 1),
(826, 26, 'C', 1),
(827, 27, 'C', 1),
(828, 28, 'C', 1),
(829, 29, 'C', 1),
(830, 30, 'C', 1),
(831, 31, 'C', 1),
(832, 32, 'C', 1),
(833, 21, 'C', 2),
(834, 22, 'C', 2),
(835, 23, 'C', 2),
(836, 24, 'C', 2),
(837, 25, 'C', 2),
(838, 26, 'C', 2),
(839, 27, 'C', 2),
(840, 28, 'C', 2),
(841, 29, 'C', 2),
(842, 30, 'C', 2),
(843, 31, 'C', 2),
(844, 32, 'C', 2),
(845, 21, 'C', 3),
(846, 22, 'C', 3),
(847, 23, 'C', 3),
(848, 24, 'C', 3),
(849, 25, 'C', 3),
(850, 26, 'C', 3),
(851, 27, 'C', 3),
(852, 28, 'C', 3),
(853, 29, 'C', 3),
(854, 30, 'C', 3),
(855, 31, 'C', 3),
(856, 32, 'C', 3),
(857, 1, 'C', 5),
(858, 2, 'C', 5),
(859, 3, 'C', 5),
(860, 4, 'C', 5),
(861, 5, 'C', 5),
(862, 6, 'C', 5),
(863, 7, 'C', 5),
(864, 8, 'C', 5),
(865, 9, 'C', 5),
(866, 10, 'C', 5),
(867, 11, 'C', 5),
(868, 12, 'C', 5),
(869, 33, 'C', 1),
(870, 34, 'C', 1),
(871, 35, 'C', 1),
(872, 36, 'C', 1),
(873, 37, 'C', 1),
(874, 38, 'C', 1),
(875, 39, 'C', 1),
(876, 40, 'C', 1),
(877, 41, 'C', 1),
(878, 42, 'C', 1),
(879, 43, 'C', 1),
(880, 44, 'C', 1),
(881, 33, 'C', 2),
(882, 34, 'C', 2),
(883, 35, 'C', 2),
(884, 36, 'C', 2),
(885, 37, 'C', 2),
(886, 38, 'C', 2),
(887, 39, 'C', 2),
(888, 40, 'C', 2),
(889, 41, 'C', 2),
(890, 42, 'C', 2),
(891, 43, 'C', 2),
(892, 44, 'C', 2),
(893, 33, 'C', 3),
(894, 34, 'C', 3),
(895, 35, 'C', 3),
(896, 36, 'C', 3),
(897, 37, 'C', 3),
(898, 38, 'C', 3),
(899, 39, 'C', 3),
(900, 40, 'C', 3),
(901, 41, 'C', 3),
(902, 42, 'C', 3),
(903, 43, 'C', 3),
(904, 44, 'C', 3),
(905, 13, 'C', 5),
(906, 14, 'C', 5),
(907, 15, 'C', 5),
(908, 16, 'C', 5),
(909, 17, 'C', 5),
(910, 18, 'C', 5),
(911, 19, 'C', 5),
(912, 20, 'C', 5),
(913, 21, 'C', 5),
(914, 22, 'C', 5),
(915, 23, 'C', 5),
(916, 24, 'C', 5),
(917, 45, 'C', 1),
(918, 46, 'C', 1),
(919, 47, 'C', 1),
(920, 48, 'C', 1),
(921, 49, 'C', 1),
(922, 50, 'C', 1),
(923, 51, 'C', 1),
(924, 52, 'C', 1),
(925, 53, 'C', 1),
(926, 54, 'C', 1),
(927, 55, 'C', 1),
(928, 56, 'C', 1),
(929, 45, 'C', 2),
(930, 46, 'C', 2),
(931, 47, 'C', 2),
(932, 48, 'C', 2),
(933, 49, 'C', 2),
(934, 50, 'C', 2),
(935, 51, 'C', 2),
(936, 52, 'C', 2),
(937, 53, 'C', 2),
(938, 54, 'C', 2),
(939, 55, 'C', 2),
(940, 56, 'C', 2),
(941, 45, 'C', 3),
(942, 46, 'C', 3),
(943, 47, 'C', 3),
(944, 48, 'C', 3),
(945, 49, 'C', 3),
(946, 50, 'C', 3),
(947, 51, 'C', 3),
(948, 52, 'C', 3),
(949, 53, 'C', 3),
(950, 54, 'C', 3),
(951, 55, 'C', 3),
(952, 56, 'C', 3),
(953, 25, 'C', 5),
(954, 26, 'C', 5),
(955, 27, 'C', 5),
(956, 28, 'C', 5),
(957, 29, 'C', 5),
(958, 30, 'C', 5),
(959, 31, 'C', 5),
(960, 32, 'C', 5),
(961, 33, 'C', 5),
(962, 34, 'C', 5),
(963, 35, 'C', 5),
(964, 36, 'C', 5),
(965, 57, 'C', 1),
(966, 58, 'C', 1),
(967, 59, 'C', 1),
(968, 60, 'C', 1),
(969, 61, 'C', 1),
(970, 62, 'C', 1),
(971, 63, 'C', 1),
(972, 64, 'C', 1),
(973, 65, 'C', 1),
(974, 66, 'C', 1),
(975, 67, 'C', 1),
(976, 68, 'C', 1),
(977, 57, 'C', 2),
(978, 58, 'C', 2),
(979, 59, 'C', 2),
(980, 60, 'C', 2),
(981, 61, 'C', 2),
(982, 62, 'C', 2),
(983, 63, 'C', 2),
(984, 64, 'C', 2),
(985, 65, 'C', 2),
(986, 66, 'C', 2),
(987, 67, 'C', 2),
(988, 68, 'C', 2),
(989, 57, 'C', 3),
(990, 58, 'C', 3),
(991, 59, 'C', 3),
(992, 60, 'C', 3),
(993, 61, 'C', 3),
(994, 62, 'C', 3),
(995, 63, 'C', 3),
(996, 64, 'C', 3),
(997, 65, 'C', 3),
(998, 66, 'C', 3),
(999, 67, 'C', 3),
(1000, 68, 'C', 3),
(1001, 37, 'C', 5),
(1002, 38, 'C', 5),
(1003, 39, 'C', 5),
(1004, 40, 'C', 5),
(1005, 41, 'C', 5),
(1006, 42, 'C', 5),
(1007, 43, 'C', 5),
(1008, 44, 'C', 5),
(1009, 45, 'C', 5),
(1010, 46, 'C', 5),
(1011, 47, 'C', 5),
(1012, 48, 'C', 5),
(1013, 69, 'C', 1),
(1014, 70, 'C', 1),
(1015, 71, 'C', 1),
(1016, 72, 'C', 1),
(1017, 73, 'C', 1),
(1018, 74, 'C', 1),
(1019, 75, 'C', 1),
(1020, 76, 'C', 1),
(1021, 77, 'C', 1),
(1022, 78, 'C', 1),
(1023, 79, 'C', 1),
(1024, 80, 'C', 1),
(1025, 69, 'C', 2),
(1026, 70, 'C', 2),
(1027, 71, 'C', 2),
(1028, 72, 'C', 2),
(1029, 73, 'C', 2),
(1030, 74, 'C', 2),
(1031, 75, 'C', 2),
(1032, 76, 'C', 2),
(1033, 77, 'C', 2),
(1034, 78, 'C', 2),
(1035, 79, 'C', 2),
(1036, 80, 'C', 2),
(1037, 69, 'C', 3),
(1038, 70, 'C', 3),
(1039, 71, 'C', 3),
(1040, 72, 'C', 3),
(1041, 73, 'C', 3),
(1042, 74, 'C', 3),
(1043, 75, 'C', 3),
(1044, 76, 'C', 3),
(1045, 77, 'C', 3),
(1046, 78, 'C', 3),
(1047, 79, 'C', 3),
(1048, 80, 'C', 3),
(1049, 49, 'C', 5),
(1050, 50, 'C', 5),
(1051, 51, 'C', 5),
(1052, 52, 'C', 5),
(1053, 53, 'C', 5),
(1054, 54, 'C', 5),
(1055, 55, 'C', 5),
(1056, 56, 'C', 5),
(1057, 57, 'C', 5),
(1058, 58, 'C', 5),
(1059, 59, 'C', 5),
(1060, 60, 'C', 5),
(1061, 81, 'C', 1),
(1062, 82, 'C', 1),
(1063, 83, 'C', 1),
(1064, 84, 'C', 1),
(1065, 85, 'C', 1),
(1066, 86, 'C', 1),
(1067, 87, 'C', 1),
(1068, 88, 'C', 1),
(1069, 89, 'C', 1),
(1070, 90, 'C', 1),
(1071, 91, 'C', 1),
(1072, 92, 'C', 1),
(1073, 81, 'C', 2),
(1074, 82, 'C', 2),
(1075, 83, 'C', 2),
(1076, 84, 'C', 2),
(1077, 85, 'C', 2),
(1078, 86, 'C', 2),
(1079, 87, 'C', 2),
(1080, 88, 'C', 2),
(1081, 89, 'C', 2),
(1082, 90, 'C', 2),
(1083, 91, 'C', 2),
(1084, 92, 'C', 2),
(1085, 81, 'C', 3),
(1086, 82, 'C', 3),
(1087, 83, 'C', 3),
(1088, 84, 'C', 3),
(1089, 85, 'C', 3),
(1090, 86, 'C', 3),
(1091, 87, 'C', 3),
(1092, 88, 'C', 3),
(1093, 89, 'C', 3),
(1094, 90, 'C', 3),
(1095, 91, 'C', 3),
(1096, 92, 'C', 3),
(1097, 61, 'C', 5),
(1098, 62, 'C', 5),
(1099, 63, 'C', 5),
(1100, 64, 'C', 5),
(1101, 65, 'C', 5),
(1102, 66, 'C', 5),
(1103, 67, 'C', 5),
(1104, 68, 'C', 5),
(1105, 69, 'C', 5),
(1106, 70, 'C', 5),
(1107, 71, 'C', 5),
(1108, 72, 'C', 5),
(1109, 93, 'C', 1),
(1110, 94, 'C', 1),
(1111, 95, 'C', 1),
(1112, 96, 'C', 1),
(1113, 97, 'C', 1),
(1114, 98, 'C', 1),
(1115, 99, 'C', 1),
(1116, 100, 'C', 1),
(1117, 101, 'C', 1),
(1118, 102, 'C', 1),
(1119, 103, 'C', 1),
(1120, 104, 'C', 1),
(1121, 93, 'C', 2),
(1122, 94, 'C', 2),
(1123, 95, 'C', 2),
(1124, 96, 'C', 2),
(1125, 97, 'C', 2),
(1126, 98, 'C', 2),
(1127, 99, 'C', 2),
(1128, 100, 'C', 2),
(1129, 101, 'C', 2),
(1130, 102, 'C', 2),
(1131, 103, 'C', 2),
(1132, 104, 'C', 2),
(1133, 93, 'C', 3),
(1134, 94, 'C', 3),
(1135, 95, 'C', 3),
(1136, 96, 'C', 3),
(1137, 97, 'C', 3),
(1138, 98, 'C', 3),
(1139, 99, 'C', 3),
(1140, 100, 'C', 3),
(1141, 101, 'C', 3),
(1142, 102, 'C', 3),
(1143, 103, 'C', 3),
(1144, 104, 'C', 3),
(1145, 73, 'C', 5),
(1146, 74, 'C', 5),
(1147, 75, 'C', 5),
(1148, 76, 'C', 5),
(1149, 77, 'C', 5),
(1150, 78, 'C', 5),
(1151, 79, 'C', 5),
(1152, 80, 'C', 5),
(1153, 81, 'C', 5),
(1154, 82, 'C', 5),
(1155, 83, 'C', 5),
(1156, 84, 'C', 5),
(1157, 105, 'C', 1),
(1158, 106, 'C', 1),
(1159, 107, 'C', 1),
(1160, 108, 'C', 1),
(1161, 109, 'C', 1),
(1162, 110, 'C', 1),
(1163, 111, 'C', 1),
(1164, 112, 'C', 1),
(1165, 113, 'C', 1),
(1166, 114, 'C', 1),
(1167, 115, 'C', 1),
(1168, 116, 'C', 1),
(1169, 105, 'C', 2),
(1170, 106, 'C', 2),
(1171, 107, 'C', 2),
(1172, 108, 'C', 2),
(1173, 109, 'C', 2),
(1174, 110, 'C', 2),
(1175, 111, 'C', 2),
(1176, 112, 'C', 2),
(1177, 113, 'C', 2),
(1178, 114, 'C', 2),
(1179, 115, 'C', 2),
(1180, 116, 'C', 2),
(1181, 105, 'C', 3),
(1182, 106, 'C', 3),
(1183, 107, 'C', 3),
(1184, 108, 'C', 3),
(1185, 109, 'C', 3),
(1186, 110, 'C', 3),
(1187, 111, 'C', 3),
(1188, 112, 'C', 3),
(1189, 113, 'C', 3),
(1190, 114, 'C', 3),
(1191, 115, 'C', 3),
(1192, 116, 'C', 3),
(1193, 85, 'C', 5),
(1194, 86, 'C', 5),
(1195, 87, 'C', 5),
(1196, 88, 'C', 5),
(1197, 89, 'C', 5),
(1198, 90, 'C', 5),
(1199, 91, 'C', 5),
(1200, 92, 'C', 5),
(1201, 93, 'C', 5),
(1202, 94, 'C', 5),
(1203, 95, 'C', 5),
(1204, 96, 'C', 5),
(1205, 117, 'C', 1),
(1206, 118, 'C', 1),
(1207, 119, 'C', 1),
(1208, 120, 'C', 1),
(1209, 121, 'C', 1),
(1210, 122, 'C', 1),
(1211, 123, 'C', 1),
(1212, 124, 'C', 1),
(1213, 125, 'C', 1),
(1214, 126, 'C', 1),
(1215, 127, 'C', 1),
(1216, 128, 'C', 1),
(1217, 117, 'C', 2),
(1218, 118, 'C', 2),
(1219, 119, 'C', 2),
(1220, 120, 'C', 2),
(1221, 121, 'C', 2),
(1222, 122, 'C', 2),
(1223, 123, 'C', 2),
(1224, 124, 'C', 2),
(1225, 125, 'C', 2),
(1226, 126, 'C', 2),
(1227, 127, 'C', 2),
(1228, 128, 'C', 2),
(1229, 117, 'C', 3),
(1230, 118, 'C', 3),
(1231, 119, 'C', 3),
(1232, 120, 'C', 3),
(1233, 121, 'C', 3),
(1234, 122, 'C', 3),
(1235, 123, 'C', 3),
(1236, 124, 'C', 3),
(1237, 125, 'C', 3),
(1238, 126, 'C', 3),
(1239, 127, 'C', 3),
(1240, 128, 'C', 3),
(1241, 97, 'C', 5),
(1242, 98, 'C', 5),
(1243, 99, 'C', 5),
(1244, 100, 'C', 5),
(1245, 101, 'C', 5),
(1246, 102, 'C', 5),
(1247, 103, 'C', 5),
(1248, 104, 'C', 5),
(1249, 105, 'C', 5),
(1250, 106, 'C', 5),
(1251, 107, 'C', 5),
(1252, 108, 'C', 5),
(1253, 129, 'C', 1),
(1254, 130, 'C', 1),
(1255, 131, 'C', 1),
(1256, 132, 'C', 1),
(1257, 133, 'C', 1),
(1258, 134, 'C', 1),
(1259, 135, 'C', 1),
(1260, 136, 'C', 1),
(1261, 137, 'C', 1),
(1262, 138, 'C', 1),
(1263, 139, 'C', 1),
(1264, 140, 'C', 1),
(1265, 129, 'C', 2),
(1266, 130, 'C', 2),
(1267, 131, 'C', 2),
(1268, 132, 'C', 2),
(1269, 133, 'C', 2),
(1270, 134, 'C', 2),
(1271, 135, 'C', 2),
(1272, 136, 'C', 2),
(1273, 137, 'C', 2),
(1274, 138, 'C', 2),
(1275, 139, 'C', 2),
(1276, 140, 'C', 2),
(1277, 129, 'C', 3),
(1278, 130, 'C', 3),
(1279, 131, 'C', 3),
(1280, 132, 'C', 3),
(1281, 133, 'C', 3),
(1282, 134, 'C', 3),
(1283, 135, 'C', 3),
(1284, 136, 'C', 3),
(1285, 137, 'C', 3),
(1286, 138, 'C', 3),
(1287, 139, 'C', 3),
(1288, 140, 'C', 3),
(1289, 109, 'C', 5),
(1290, 110, 'C', 5),
(1291, 111, 'C', 5),
(1292, 112, 'C', 5),
(1293, 113, 'C', 5),
(1294, 114, 'C', 5),
(1295, 115, 'C', 5),
(1296, 116, 'C', 5),
(1297, 117, 'C', 5),
(1298, 118, 'C', 5),
(1299, 119, 'C', 5),
(1300, 120, 'C', 5),
(1301, 1, 'D', 1),
(1302, 2, 'D', 1),
(1303, 3, 'D', 1),
(1304, 4, 'D', 1),
(1305, 5, 'D', 1),
(1306, 6, 'D', 1),
(1307, 7, 'D', 1),
(1308, 8, 'D', 1),
(1309, 9, 'D', 1),
(1310, 10, 'D', 1),
(1311, 11, 'D', 1),
(1312, 12, 'D', 1),
(1313, 141, 'C', 2),
(1314, 142, 'C', 2),
(1315, 143, 'C', 2),
(1316, 144, 'C', 2),
(1317, 145, 'C', 2),
(1318, 146, 'C', 2),
(1319, 147, 'C', 2),
(1320, 148, 'C', 2),
(1321, 149, 'C', 2),
(1322, 150, 'C', 2),
(1323, 151, 'C', 2),
(1324, 152, 'C', 2),
(1325, 1, 'D', 3),
(1326, 2, 'D', 3),
(1327, 3, 'D', 3),
(1328, 4, 'D', 3),
(1329, 5, 'D', 3),
(1330, 6, 'D', 3),
(1331, 7, 'D', 3),
(1332, 8, 'D', 3),
(1333, 9, 'D', 3),
(1334, 10, 'D', 3),
(1335, 11, 'D', 3),
(1336, 12, 'D', 3),
(1337, 121, 'C', 5),
(1338, 122, 'C', 5),
(1339, 123, 'C', 5),
(1340, 124, 'C', 5),
(1341, 125, 'C', 5),
(1342, 126, 'C', 5),
(1343, 127, 'C', 5),
(1344, 128, 'C', 5),
(1345, 129, 'C', 5),
(1346, 130, 'C', 5),
(1347, 131, 'C', 5),
(1348, 132, 'C', 5),
(1349, 13, 'D', 1),
(1350, 14, 'D', 1),
(1351, 15, 'D', 1),
(1352, 16, 'D', 1),
(1353, 17, 'D', 1),
(1354, 18, 'D', 1),
(1355, 19, 'D', 1),
(1356, 20, 'D', 1),
(1357, 21, 'D', 1),
(1358, 22, 'D', 1),
(1359, 23, 'D', 1),
(1360, 24, 'D', 1),
(1361, 153, 'C', 2),
(1362, 154, 'C', 2),
(1363, 155, 'C', 2),
(1364, 156, 'C', 2),
(1365, 157, 'C', 2),
(1366, 158, 'C', 2),
(1367, 159, 'C', 2),
(1368, 160, 'C', 2),
(1369, 161, 'C', 2),
(1370, 162, 'C', 2),
(1371, 163, 'C', 2),
(1372, 164, 'C', 2),
(1373, 13, 'D', 3),
(1374, 14, 'D', 3),
(1375, 15, 'D', 3),
(1376, 16, 'D', 3),
(1377, 17, 'D', 3),
(1378, 18, 'D', 3),
(1379, 19, 'D', 3),
(1380, 20, 'D', 3),
(1381, 21, 'D', 3),
(1382, 22, 'D', 3),
(1383, 23, 'D', 3),
(1384, 24, 'D', 3),
(1385, 133, 'C', 5),
(1386, 134, 'C', 5),
(1387, 135, 'C', 5),
(1388, 136, 'C', 5),
(1389, 137, 'C', 5),
(1390, 138, 'C', 5),
(1391, 139, 'C', 5),
(1392, 140, 'C', 5),
(1393, 1, 'D', 5),
(1394, 2, 'D', 5),
(1395, 3, 'D', 5),
(1396, 4, 'D', 5),
(1397, 25, 'D', 1),
(1398, 26, 'D', 1),
(1399, 27, 'D', 1),
(1400, 28, 'D', 1),
(1401, 29, 'D', 1),
(1402, 30, 'D', 1),
(1403, 31, 'D', 1),
(1404, 32, 'D', 1),
(1405, 33, 'D', 1),
(1406, 34, 'D', 1),
(1407, 35, 'D', 1),
(1408, 36, 'D', 1),
(1409, 165, 'C', 2),
(1410, 166, 'C', 2),
(1411, 167, 'C', 2),
(1412, 168, 'C', 2),
(1413, 169, 'C', 2),
(1414, 170, 'C', 2),
(1415, 171, 'C', 2),
(1416, 172, 'C', 2),
(1417, 173, 'C', 2),
(1418, 174, 'C', 2),
(1419, 175, 'C', 2),
(1420, 176, 'C', 2),
(1421, 25, 'D', 3),
(1422, 26, 'D', 3),
(1423, 27, 'D', 3),
(1424, 28, 'D', 3),
(1425, 29, 'D', 3),
(1426, 30, 'D', 3),
(1427, 31, 'D', 3),
(1428, 32, 'D', 3),
(1429, 33, 'D', 3),
(1430, 34, 'D', 3),
(1431, 35, 'D', 3),
(1432, 36, 'D', 3),
(1433, 5, 'D', 5),
(1434, 6, 'D', 5),
(1435, 7, 'D', 5),
(1436, 8, 'D', 5),
(1437, 9, 'D', 5),
(1438, 10, 'D', 5),
(1439, 11, 'D', 5),
(1440, 12, 'D', 5),
(1441, 13, 'D', 5),
(1442, 14, 'D', 5),
(1443, 15, 'D', 5),
(1444, 16, 'D', 5),
(1445, 37, 'D', 1),
(1446, 38, 'D', 1),
(1447, 39, 'D', 1),
(1448, 40, 'D', 1),
(1449, 41, 'D', 1),
(1450, 42, 'D', 1),
(1451, 43, 'D', 1),
(1452, 44, 'D', 1),
(1453, 45, 'D', 1),
(1454, 46, 'D', 1),
(1455, 47, 'D', 1),
(1456, 48, 'D', 1),
(1457, 177, 'C', 2),
(1458, 178, 'C', 2),
(1459, 179, 'C', 2),
(1460, 180, 'C', 2),
(1461, 181, 'C', 2),
(1462, 182, 'C', 2),
(1463, 183, 'C', 2),
(1464, 184, 'C', 2),
(1465, 185, 'C', 2),
(1466, 186, 'C', 2),
(1467, 187, 'C', 2),
(1468, 188, 'C', 2),
(1469, 37, 'D', 3),
(1470, 38, 'D', 3),
(1471, 39, 'D', 3),
(1472, 40, 'D', 3),
(1473, 41, 'D', 3),
(1474, 42, 'D', 3),
(1475, 43, 'D', 3),
(1476, 44, 'D', 3),
(1477, 45, 'D', 3),
(1478, 46, 'D', 3),
(1479, 47, 'D', 3),
(1480, 48, 'D', 3),
(1481, 17, 'D', 5),
(1482, 18, 'D', 5),
(1483, 19, 'D', 5),
(1484, 20, 'D', 5),
(1485, 21, 'D', 5),
(1486, 22, 'D', 5),
(1487, 23, 'D', 5),
(1488, 24, 'D', 5),
(1489, 25, 'D', 5),
(1490, 26, 'D', 5),
(1491, 27, 'D', 5),
(1492, 28, 'D', 5),
(1493, 49, 'D', 1),
(1494, 50, 'D', 1),
(1495, 51, 'D', 1),
(1496, 52, 'D', 1),
(1497, 53, 'D', 1),
(1498, 54, 'D', 1),
(1499, 55, 'D', 1),
(1500, 56, 'D', 1),
(1501, 57, 'D', 1),
(1502, 58, 'D', 1),
(1503, 59, 'D', 1),
(1504, 60, 'D', 1),
(1505, 189, 'C', 2),
(1506, 190, 'C', 2),
(1507, 191, 'C', 2),
(1508, 192, 'C', 2),
(1509, 193, 'C', 2),
(1510, 194, 'C', 2),
(1511, 195, 'C', 2),
(1512, 196, 'C', 2),
(1513, 197, 'C', 2),
(1514, 198, 'C', 2),
(1515, 199, 'C', 2),
(1516, 200, 'C', 2),
(1517, 49, 'D', 3),
(1518, 50, 'D', 3),
(1519, 51, 'D', 3),
(1520, 52, 'D', 3),
(1521, 53, 'D', 3),
(1522, 54, 'D', 3),
(1523, 55, 'D', 3),
(1524, 56, 'D', 3),
(1525, 57, 'D', 3),
(1526, 58, 'D', 3),
(1527, 59, 'D', 3),
(1528, 60, 'D', 3),
(1529, 29, 'D', 5),
(1530, 30, 'D', 5),
(1531, 31, 'D', 5),
(1532, 32, 'D', 5),
(1533, 33, 'D', 5),
(1534, 34, 'D', 5),
(1535, 35, 'D', 5),
(1536, 36, 'D', 5),
(1537, 37, 'D', 5),
(1538, 38, 'D', 5),
(1539, 39, 'D', 5),
(1540, 40, 'D', 5),
(1541, 61, 'D', 1),
(1542, 62, 'D', 1),
(1543, 63, 'D', 1),
(1544, 64, 'D', 1),
(1545, 65, 'D', 1),
(1546, 66, 'D', 1),
(1547, 67, 'D', 1),
(1548, 68, 'D', 1),
(1549, 69, 'D', 1),
(1550, 70, 'D', 1),
(1551, 71, 'D', 1),
(1552, 72, 'D', 1),
(1553, 201, 'C', 2),
(1554, 202, 'C', 2),
(1555, 203, 'C', 2),
(1556, 204, 'C', 2),
(1557, 205, 'C', 2),
(1558, 206, 'C', 2),
(1559, 207, 'C', 2),
(1560, 208, 'C', 2),
(1561, 209, 'C', 2),
(1562, 210, 'C', 2),
(1563, 211, 'C', 2),
(1564, 212, 'C', 2),
(1565, 61, 'D', 3),
(1566, 62, 'D', 3),
(1567, 63, 'D', 3),
(1568, 64, 'D', 3),
(1569, 65, 'D', 3),
(1570, 66, 'D', 3),
(1571, 67, 'D', 3),
(1572, 67, 'D', 3),
(1573, 69, 'D', 3),
(1574, 70, 'D', 3),
(1575, 71, 'D', 3),
(1576, 72, 'D', 3),
(1577, 41, 'D', 5),
(1578, 42, 'D', 5),
(1579, 43, 'D', 5),
(1580, 44, 'D', 5),
(1581, 45, 'D', 5),
(1582, 46, 'D', 5),
(1583, 47, 'D', 5),
(1584, 48, 'D', 5),
(1585, 49, 'D', 5),
(1586, 50, 'D', 5),
(1587, 51, 'D', 5),
(1588, 52, 'D', 5),
(1589, 73, 'D', 1),
(1590, 74, 'D', 1),
(1591, 75, 'D', 1),
(1592, 76, 'D', 1),
(1593, 77, 'D', 1),
(1594, 78, 'D', 1),
(1595, 79, 'D', 1),
(1596, 80, 'D', 1),
(1597, 81, 'D', 1),
(1598, 82, 'D', 1),
(1599, 83, 'D', 1),
(1600, 84, 'D', 1),
(1601, 213, 'C', 2),
(1602, 214, 'C', 2),
(1603, 215, 'C', 2),
(1604, 216, 'C', 2),
(1605, 217, 'C', 2),
(1606, 218, 'C', 2),
(1607, 219, 'C', 2),
(1608, 220, 'C', 2),
(1609, 221, 'C', 2),
(1610, 222, 'C', 2),
(1611, 223, 'C', 2),
(1612, 224, 'C', 2),
(1613, 73, 'D', 3),
(1614, 74, 'D', 3),
(1615, 75, 'D', 3),
(1616, 76, 'D', 3),
(1617, 77, 'D', 3),
(1618, 78, 'D', 3),
(1619, 79, 'D', 3),
(1620, 80, 'D', 3),
(1621, 81, 'D', 3),
(1622, 82, 'D', 3),
(1623, 83, 'D', 3),
(1624, 84, 'D', 3),
(1625, 53, 'D', 5),
(1626, 54, 'D', 5),
(1627, 55, 'D', 5),
(1628, 56, 'D', 5),
(1629, 57, 'D', 5),
(1630, 58, 'D', 5),
(1631, 59, 'D', 5),
(1632, 60, 'D', 5),
(1633, 61, 'D', 5),
(1634, 62, 'D', 5),
(1635, 63, 'D', 5),
(1636, 64, 'D', 5),
(1637, 85, 'D', 1),
(1638, 86, 'D', 1),
(1639, 87, 'D', 1),
(1640, 88, 'D', 1),
(1641, 89, 'D', 1),
(1642, 90, 'D', 1),
(1643, 91, 'D', 1),
(1644, 92, 'D', 1),
(1645, 93, 'D', 1),
(1646, 94, 'D', 1),
(1647, 95, 'D', 1),
(1648, 96, 'D', 1),
(1649, 225, 'C', 2),
(1650, 226, 'C', 2),
(1651, 227, 'C', 2),
(1652, 228, 'C', 2),
(1653, 229, 'C', 2),
(1654, 230, 'C', 2),
(1655, 231, 'C', 2),
(1656, 232, 'C', 2),
(1657, 233, 'C', 2),
(1658, 234, 'C', 2),
(1659, 235, 'C', 2),
(1660, 236, 'C', 2),
(1661, 85, 'D', 3),
(1662, 86, 'D', 3),
(1663, 87, 'D', 3),
(1664, 88, 'D', 3),
(1665, 89, 'D', 3),
(1666, 90, 'D', 3),
(1667, 91, 'D', 3),
(1668, 92, 'D', 3),
(1669, 93, 'D', 3),
(1670, 94, 'D', 3),
(1671, 95, 'D', 3),
(1672, 96, 'D', 3),
(1673, 65, 'D', 5),
(1674, 66, 'D', 5),
(1675, 67, 'D', 5),
(1676, 68, 'D', 5),
(1677, 69, 'D', 5),
(1678, 70, 'D', 5),
(1679, 71, 'D', 5),
(1680, 72, 'D', 5),
(1681, 73, 'D', 5),
(1682, 74, 'D', 5),
(1683, 75, 'D', 5),
(1684, 76, 'D', 5),
(1685, 97, 'D', 1),
(1686, 98, 'D', 1),
(1687, 99, 'D', 1),
(1688, 100, 'D', 1),
(1689, 101, 'D', 1),
(1690, 102, 'D', 1),
(1691, 103, 'D', 1),
(1692, 104, 'D', 1),
(1693, 105, 'D', 1),
(1694, 106, 'D', 1),
(1695, 107, 'D', 1),
(1696, 108, 'D', 1),
(1697, 137, 'C', 2),
(1698, 138, 'C', 2),
(1699, 139, 'C', 2),
(1700, 140, 'C', 2),
(1701, 97, 'D', 3),
(1702, 98, 'D', 3),
(1703, 99, 'D', 3),
(1704, 100, 'D', 3),
(1705, 101, 'D', 3),
(1706, 102, 'D', 3),
(1707, 103, 'D', 3),
(1708, 104, 'D', 3),
(1709, 105, 'D', 3),
(1710, 106, 'D', 3),
(1711, 107, 'D', 3),
(1712, 108, 'D', 3),
(1713, 77, 'D', 5),
(1714, 78, 'D', 5),
(1715, 79, 'D', 5),
(1716, 80, 'D', 5),
(1717, 81, 'D', 5),
(1718, 82, 'D', 5),
(1719, 83, 'D', 5),
(1720, 84, 'D', 5),
(1721, 85, 'D', 5),
(1722, 86, 'D', 5),
(1723, 87, 'D', 5),
(1724, 88, 'D', 5),
(1725, 109, 'D', 1),
(1726, 110, 'D', 1),
(1727, 111, 'D', 1),
(1728, 112, 'D', 1),
(1729, 113, 'D', 1),
(1730, 114, 'D', 1),
(1731, 115, 'D', 1),
(1732, 116, 'D', 1),
(1733, 117, 'D', 1),
(1734, 118, 'D', 1),
(1735, 119, 'D', 1),
(1736, 120, 'D', 1),
(1737, 109, 'D', 3),
(1738, 110, 'D', 3),
(1739, 111, 'D', 3),
(1740, 112, 'D', 3),
(1741, 113, 'D', 3),
(1742, 114, 'D', 3),
(1743, 115, 'D', 3),
(1744, 116, 'D', 3),
(1745, 117, 'D', 3),
(1746, 118, 'D', 3),
(1747, 119, 'D', 3),
(1748, 120, 'D', 3),
(1749, 89, 'D', 5),
(1750, 90, 'D', 5),
(1751, 91, 'D', 5),
(1752, 92, 'D', 5),
(1753, 93, 'D', 5),
(1754, 94, 'D', 5),
(1755, 95, 'D', 5),
(1756, 96, 'D', 5),
(1757, 97, 'D', 5),
(1758, 98, 'D', 5),
(1759, 99, 'D', 5),
(1760, 100, 'D', 5),
(1761, 121, 'D', 1),
(1762, 122, 'D', 1),
(1763, 123, 'D', 1),
(1764, 124, 'D', 1),
(1765, 125, 'D', 1),
(1766, 126, 'D', 1),
(1767, 127, 'D', 1),
(1768, 128, 'D', 1),
(1769, 129, 'D', 1),
(1770, 130, 'D', 1),
(1771, 131, 'D', 1),
(1772, 132, 'D', 1),
(1773, 121, 'D', 3),
(1774, 122, 'D', 3),
(1775, 123, 'D', 3),
(1776, 124, 'D', 3),
(1777, 125, 'D', 3),
(1778, 126, 'D', 3),
(1779, 127, 'D', 3),
(1780, 128, 'D', 3),
(1781, 129, 'D', 3),
(1782, 130, 'D', 3),
(1783, 131, 'D', 3),
(1784, 132, 'D', 3),
(1785, 101, 'D', 5),
(1786, 102, 'D', 5),
(1787, 103, 'D', 5),
(1788, 104, 'D', 5),
(1789, 105, 'D', 5),
(1790, 106, 'D', 5),
(1791, 107, 'D', 5),
(1792, 108, 'D', 5),
(1793, 109, 'D', 5),
(1794, 110, 'D', 5),
(1795, 111, 'D', 5),
(1796, 112, 'D', 5),
(1797, 133, 'D', 1),
(1798, 134, 'D', 1),
(1799, 135, 'D', 1),
(1800, 136, 'D', 1),
(1801, 137, 'D', 1),
(1802, 138, 'D', 1),
(1803, 139, 'D', 1),
(1804, 140, 'D', 1),
(1805, 141, 'D', 1),
(1806, 142, 'D', 1),
(1807, 143, 'D', 1),
(1808, 144, 'D', 1),
(1809, 133, 'D', 3),
(1810, 134, 'D', 3),
(1811, 135, 'D', 3),
(1812, 136, 'D', 3),
(1813, 137, 'D', 3),
(1814, 138, 'D', 3),
(1815, 139, 'D', 3),
(1816, 140, 'D', 3),
(1817, 141, 'D', 3),
(1818, 142, 'D', 3),
(1819, 143, 'D', 3),
(1820, 144, 'D', 3),
(1821, 113, 'D', 5),
(1822, 114, 'D', 5),
(1823, 115, 'D', 5),
(1824, 116, 'D', 5),
(1825, 117, 'D', 5),
(1826, 118, 'D', 5),
(1827, 119, 'D', 5),
(1828, 120, 'D', 5),
(1829, 121, 'D', 5),
(1830, 122, 'D', 5),
(1831, 123, 'D', 5),
(1832, 124, 'D', 5),
(1833, 145, 'D', 1),
(1834, 146, 'D', 1),
(1835, 147, 'D', 1),
(1836, 148, 'D', 1),
(1837, 149, 'D', 1),
(1838, 150, 'D', 1),
(1839, 151, 'D', 1),
(1840, 152, 'D', 1),
(1841, 153, 'D', 1),
(1842, 154, 'D', 1),
(1843, 155, 'D', 1),
(1844, 156, 'D', 1),
(1845, 145, 'D', 3),
(1846, 146, 'D', 3),
(1847, 147, 'D', 3),
(1848, 148, 'D', 3),
(1849, 149, 'D', 3),
(1850, 150, 'D', 3),
(1851, 151, 'D', 3),
(1852, 152, 'D', 3),
(1853, 153, 'D', 3),
(1854, 154, 'D', 3),
(1855, 155, 'D', 3),
(1856, 156, 'D', 3),
(1857, 125, 'D', 5),
(1858, 126, 'D', 5),
(1859, 127, 'D', 5),
(1860, 128, 'D', 5),
(1861, 129, 'D', 5),
(1862, 130, 'D', 5),
(1863, 131, 'D', 5),
(1864, 132, 'D', 5),
(1865, 133, 'D', 5),
(1866, 134, 'D', 5),
(1867, 135, 'D', 5),
(1868, 136, 'D', 5),
(1869, 157, 'D', 1),
(1870, 158, 'D', 1),
(1871, 159, 'D', 1),
(1872, 160, 'D', 1),
(1873, 161, 'D', 1),
(1874, 162, 'D', 1),
(1875, 163, 'D', 1),
(1876, 164, 'D', 1),
(1877, 165, 'D', 1),
(1878, 166, 'D', 1),
(1879, 167, 'D', 1),
(1880, 168, 'D', 1),
(1881, 157, 'D', 3),
(1882, 158, 'D', 3),
(1883, 159, 'D', 3),
(1884, 160, 'D', 3),
(1885, 161, 'D', 3),
(1886, 162, 'D', 3),
(1887, 163, 'D', 3),
(1888, 164, 'D', 3),
(1889, 165, 'D', 3),
(1890, 166, 'D', 3),
(1891, 167, 'D', 3),
(1892, 168, 'D', 3),
(1893, 137, 'D', 5),
(1894, 138, 'D', 5),
(1895, 139, 'D', 5),
(1896, 140, 'D', 5),
(1897, 141, 'D', 5),
(1898, 142, 'D', 5),
(1899, 143, 'D', 5),
(1900, 144, 'D', 5),
(1901, 145, 'D', 5),
(1902, 146, 'D', 5),
(1903, 147, 'D', 5),
(1904, 148, 'D', 5),
(1905, 169, 'D', 1),
(1906, 170, 'D', 1),
(1907, 171, 'D', 1),
(1908, 172, 'D', 1),
(1909, 173, 'D', 1),
(1910, 174, 'D', 1),
(1911, 175, 'D', 1),
(1912, 176, 'D', 1),
(1913, 177, 'D', 1),
(1914, 178, 'D', 1),
(1915, 179, 'D', 1),
(1916, 180, 'D', 1),
(1917, 169, 'D', 3),
(1918, 170, 'D', 3),
(1919, 171, 'D', 3),
(1920, 172, 'D', 3),
(1921, 173, 'D', 3),
(1922, 174, 'D', 3),
(1923, 175, 'D', 3),
(1924, 176, 'D', 3),
(1925, 177, 'D', 3),
(1926, 178, 'D', 3),
(1927, 179, 'D', 3),
(1928, 180, 'D', 3),
(1929, 149, 'D', 5),
(1930, 150, 'D', 5),
(1931, 151, 'D', 5),
(1932, 152, 'D', 5),
(1933, 153, 'D', 5),
(1934, 154, 'D', 5),
(1935, 155, 'D', 5),
(1936, 156, 'D', 5),
(1937, 157, 'D', 5),
(1938, 158, 'D', 5),
(1939, 159, 'D', 5),
(1940, 160, 'D', 5),
(1941, 181, 'D', 1),
(1942, 182, 'D', 1),
(1943, 183, 'D', 1),
(1944, 184, 'D', 1),
(1945, 185, 'D', 1),
(1946, 186, 'D', 1),
(1947, 187, 'D', 1),
(1948, 188, 'D', 1),
(1949, 189, 'D', 1),
(1950, 190, 'D', 1),
(1951, 191, 'D', 1),
(1952, 192, 'D', 1),
(1953, 181, 'D', 3),
(1954, 182, 'D', 3),
(1955, 183, 'D', 3),
(1956, 184, 'D', 3),
(1957, 185, 'D', 3),
(1958, 186, 'D', 3),
(1959, 187, 'D', 3),
(1960, 188, 'D', 3),
(1961, 189, 'D', 3),
(1962, 190, 'D', 3),
(1963, 191, 'D', 3),
(1964, 192, 'D', 3),
(1965, 161, 'D', 5),
(1966, 162, 'D', 5),
(1967, 163, 'D', 5),
(1968, 164, 'D', 5),
(1969, 165, 'D', 5),
(1970, 166, 'D', 5),
(1971, 167, 'D', 5),
(1972, 168, 'D', 5),
(1973, 169, 'D', 5),
(1974, 170, 'D', 5),
(1975, 171, 'D', 5),
(1976, 172, 'D', 5),
(1977, 193, 'D', 1),
(1978, 194, 'D', 1),
(1979, 195, 'D', 1),
(1980, 196, 'D', 1),
(1981, 197, 'D', 1),
(1982, 198, 'D', 1),
(1983, 199, 'D', 1),
(1984, 200, 'D', 1),
(1985, 193, 'D', 3),
(1986, 194, 'D', 3),
(1987, 195, 'D', 3),
(1988, 196, 'D', 3),
(1989, 197, 'D', 3),
(1990, 198, 'D', 3),
(1991, 199, 'D', 3),
(1992, 200, 'D', 3),
(1993, 173, 'D', 5),
(1994, 174, 'D', 5),
(1995, 175, 'D', 5),
(1996, 176, 'D', 5),
(1997, 177, 'D', 5),
(1998, 178, 'D', 5),
(1999, 179, 'D', 5),
(2000, 180, 'D', 5);

-- --------------------------------------------------------

--
-- Table structure for table `Sports`
--

CREATE TABLE `Sports` (
  `sport_id` int(11) NOT NULL,
  `sport_name` varchar(15) DEFAULT NULL
) ENGINE=InnoDB DEFAULT CHARSET=utf8mb4 COLLATE=utf8mb4_general_ci;

--
-- Dumping data for table `Sports`
--

INSERT INTO `Sports` (`sport_id`, `sport_name`) VALUES
(1, 'football'),
(2, 'voleyball'),
(3, 'tennis'),
(4, 'basketball');

-- --------------------------------------------------------

--
-- Table structure for table `Stadium`
--

CREATE TABLE `Stadium` (
  `stadium_id` int(11) NOT NULL,
  `st_name` varchar(15) DEFAULT NULL,
  `capacity` int(11) DEFAULT NULL,
  `city` varchar(15) DEFAULT NULL,
  `country` varchar(15) DEFAULT NULL
) ENGINE=InnoDB DEFAULT CHARSET=utf8mb4 COLLATE=utf8mb4_general_ci;

--
-- Dumping data for table `Stadium`
--

INSERT INTO `Stadium` (`stadium_id`, `st_name`, `capacity`, `city`, `country`) VALUES
(1, 'Burhan Felek', 500, 'İstanbul', 'Turkey'),
(2, 'Başkent', 400, 'Ankara', 'Turkey'),
(3, 'Bursa B.B.', 500, 'Bursa', 'Turkey'),
(4, 'İzmir Atatürk ', 100, 'İzmir', 'Turkey'),
(5, 'Antalya St.', 500, 'Antalya', 'Turkey');

-- --------------------------------------------------------

--
-- Table structure for table `ticket_info`
--

CREATE TABLE `ticket_info` (
  `tid` int(11) NOT NULL,
  `seat_id` int(11) NOT NULL,
  `payment_id` int(11) NOT NULL,
  `event_id` int(11) NOT NULL,
  `person_id` int(11) NOT NULL
) ENGINE=InnoDB DEFAULT CHARSET=utf8mb4 COLLATE=utf8mb4_general_ci;

--
-- Dumping data for table `ticket_info`
--

INSERT INTO `ticket_info` (`tid`, `seat_id`, `payment_id`, `event_id`, `person_id`) VALUES
(1, 37, 1, 3, 1),
(2, 38, 2, 3, 2),
(3, 39, 3, 3, 3),
(4, 40, 4, 3, 4),
(5, 41, 5, 3, 690),
(6, 42, 6, 3, 6),
(7, 43, 7, 3, 7),
(8, 44, 8, 3, 8),
(9, 45, 9, 3, 903),
(10, 46, 10, 3, 800),
(11, 47, 11, 3, 850),
(12, 48, 12, 3, 12),
(13, 97, 13, 3, 693),
(14, 98, 14, 3, 750),
(15, 99, 15, 3, 15),
(16, 100, 16, 3, 16),
(17, 101, 17, 3, 17),
(18, 102, 18, 3, 18),
(19, 103, 19, 3, 19),
(20, 104, 20, 3, 20),
(21, 105, 21, 3, 21),
(22, 106, 22, 3, 22),
(23, 107, 23, 3, 23),
(24, 108, 24, 3, 24),
(25, 157, 25, 3, 25),
(26, 158, 26, 3, 26),
(27, 159, 27, 3, 27),
(28, 160, 28, 3, 28),
(29, 161, 29, 3, 29),
(30, 162, 30, 3, 30),
(31, 163, 31, 3, 31),
(32, 164, 32, 3, 32),
(33, 165, 33, 3, 33),
(34, 166, 34, 3, 34),
(35, 167, 35, 3, 35),
(36, 168, 36, 3, 36),
(37, 217, 37, 3, 37),
(38, 218, 38, 3, 745),
(39, 219, 39, 3, 39),
(40, 220, 40, 3, 40),
(41, 221, 41, 3, 41),
(42, 222, 42, 3, 749),
(43, 223, 43, 3, 43),
(44, 224, 44, 3, 44),
(45, 225, 45, 3, 630),
(46, 226, 46, 3, 631),
(47, 227, 47, 3, 47),
(48, 228, 48, 3, 48),
(49, 277, 49, 3, 49),
(50, 278, 50, 3, 50),
(51, 279, 51, 3, 51),
(52, 280, 52, 3, 52),
(53, 281, 53, 3, 53),
(54, 282, 54, 3, 54),
(55, 283, 55, 3, 55),
(56, 284, 56, 3, 56),
(57, 285, 57, 3, 57),
(58, 286, 58, 3, 58),
(59, 287, 59, 3, 59),
(60, 288, 60, 3, 60),
(61, 337, 61, 3, 61),
(62, 338, 62, 3, 62),
(63, 339, 63, 3, 63),
(64, 340, 64, 3, 64),
(65, 341, 65, 3, 65),
(66, 342, 66, 3, 66),
(67, 343, 67, 3, 67),
(68, 344, 68, 3, 68),
(69, 345, 69, 3, 69),
(70, 346, 70, 3, 70),
(71, 347, 71, 3, 71),
(72, 348, 72, 3, 72),
(73, 397, 73, 3, 73),
(74, 398, 74, 3, 74),
(75, 399, 75, 3, 75),
(76, 400, 76, 3, 76),
(77, 401, 77, 3, 77),
(78, 402, 78, 3, 78),
(79, 403, 79, 3, 79),
(80, 404, 80, 3, 80),
(81, 405, 81, 3, 81),
(82, 406, 82, 3, 578),
(83, 407, 83, 3, 83),
(84, 408, 84, 3, 84),
(85, 457, 85, 3, 85),
(86, 458, 86, 3, 86),
(87, 459, 87, 3, 963),
(88, 460, 88, 3, 88),
(89, 461, 89, 3, 89),
(90, 462, 90, 3, 90),
(91, 463, 91, 3, 91),
(92, 464, 92, 3, 92),
(93, 465, 93, 3, 93),
(94, 466, 94, 3, 94),
(95, 467, 95, 3, 95),
(96, 468, 96, 3, 96),
(97, 517, 97, 3, 97),
(98, 518, 98, 3, 98),
(99, 519, 99, 3, 99),
(100, 520, 100, 3, 100),
(101, 13, 101, 1, 101),
(102, 15, 102, 1, 102),
(103, 17, 103, 1, 103),
(104, 18, 104, 1, 104),
(105, 19, 105, 1, 105),
(106, 75, 106, 1, 106),
(107, 78, 107, 1, 107),
(108, 80, 108, 1, 108),
(109, 82, 109, 1, 109),
(110, 83, 110, 1, 110),
(111, 133, 111, 1, 111),
(112, 136, 112, 1, 112),
(113, 137, 113, 1, 113),
(114, 140, 114, 1, 114),
(115, 144, 115, 1, 115),
(116, 194, 116, 1, 116),
(117, 196, 117, 1, 117),
(118, 200, 118, 1, 118),
(119, 202, 119, 1, 119),
(120, 203, 120, 1, 120),
(121, 254, 121, 1, 121),
(122, 257, 122, 1, 122),
(123, 259, 123, 1, 123),
(124, 261, 124, 1, 124),
(125, 262, 125, 1, 125),
(126, 264, 126, 1, 126),
(127, 24, 127, 1, 127),
(128, 73, 128, 1, 128),
(129, 142, 129, 1, 129),
(130, 313, 130, 1, 130),
(131, 315, 131, 1, 131),
(132, 317, 132, 1, 132),
(133, 320, 133, 1, 133),
(134, 324, 134, 1, 134),
(135, 376, 135, 1, 135),
(136, 378, 136, 1, 136),
(137, 380, 137, 1, 137),
(138, 282, 138, 1, 138),
(139, 284, 139, 1, 139),
(140, 483, 140, 1, 140),
(141, 436, 141, 1, 141),
(142, 438, 142, 1, 142),
(143, 442, 143, 1, 143),
(144, 444, 144, 1, 144),
(145, 494, 145, 1, 145),
(146, 497, 146, 1, 146),
(147, 499, 147, 1, 147),
(148, 501, 148, 1, 148),
(149, 503, 149, 1, 149),
(150, 546, 150, 1, 150),
(151, 548, 151, 1, 151),
(152, 550, 152, 1, 152),
(153, 553, 153, 1, 153),
(154, 555, 154, 1, 154),
(155, 594, 155, 1, 155),
(156, 597, 156, 1, 156),
(157, 599, 157, 1, 157),
(158, 601, 158, 1, 158),
(159, 604, 159, 1, 159),
(160, 741, 160, 1, 160),
(161, 744, 161, 1, 161),
(162, 745, 162, 1, 162),
(163, 747, 163, 1, 163),
(164, 748, 164, 1, 164),
(165, 786, 165, 1, 165),
(166, 789, 166, 1, 166),
(167, 791, 167, 1, 167),
(168, 794, 168, 1, 168),
(169, 796, 169, 1, 169),
(170, 978, 170, 1, 170),
(171, 980, 171, 1, 171),
(172, 982, 172, 1, 172),
(173, 984, 173, 1, 173),
(174, 986, 174, 1, 174),
(175, 1073, 175, 1, 175),
(176, 1075, 176, 1, 176),
(177, 1079, 177, 1, 177),
(178, 1082, 178, 1, 995),
(179, 1084, 179, 1, 179),
(180, 1169, 180, 1, 180),
(181, 1171, 181, 1, 181),
(182, 1173, 182, 1, 182),
(183, 1178, 183, 1, 183),
(184, 1180, 184, 1, 184),
(185, 1362, 185, 1, 185),
(186, 1364, 186, 1, 186),
(187, 1369, 187, 1, 187),
(188, 1370, 188, 1, 188),
(189, 1457, 189, 1, 189),
(190, 1460, 190, 1, 190),
(191, 1463, 191, 1, 191),
(192, 1465, 192, 1, 192),
(193, 1468, 193, 1, 193),
(194, 1650, 194, 1, 194),
(195, 1653, 195, 1, 195),
(196, 1655, 196, 1, 196),
(197, 1657, 197, 1, 197),
(198, 1660, 198, 1, 198),
(199, 198, 199, 1, 199),
(200, 1085, 200, 1, 200),
(201, 49, 201, 11, 201),
(202, 55, 202, 11, 202),
(203, 60, 203, 11, 203),
(204, 110, 204, 11, 204),
(205, 118, 205, 11, 205),
(206, 172, 206, 11, 206),
(207, 236, 207, 11, 207),
(208, 240, 208, 11, 208),
(209, 290, 209, 11, 209),
(210, 300, 210, 11, 210),
(211, 355, 211, 11, 211),
(212, 360, 212, 11, 212),
(213, 409, 213, 11, 213),
(214, 420, 214, 11, 214),
(215, 465, 215, 11, 215),
(216, 476, 216, 11, 216),
(217, 523, 217, 11, 217),
(218, 532, 218, 11, 218),
(219, 570, 219, 11, 219),
(220, 576, 220, 11, 220),
(221, 580, 221, 11, 221),
(222, 619, 222, 11, 222),
(223, 627, 223, 11, 223),
(224, 665, 224, 11, 224),
(225, 670, 225, 11, 225),
(226, 714, 226, 11, 226),
(227, 761, 227, 11, 227),
(228, 772, 228, 11, 228),
(229, 812, 229, 11, 229),
(230, 820, 230, 11, 230),
(231, 857, 231, 11, 231),
(232, 859, 232, 11, 232),
(233, 857, 233, 11, 233),
(234, 868, 234, 11, 234),
(235, 905, 235, 11, 235),
(236, 906, 236, 11, 236),
(237, 912, 237, 11, 237),
(238, 957, 238, 11, 238),
(239, 960, 239, 11, 239),
(240, 964, 240, 11, 240),
(241, 1010, 241, 11, 241),
(242, 1012, 242, 11, 242),
(243, 1049, 243, 11, 243),
(244, 1052, 244, 11, 244),
(245, 1055, 245, 11, 245),
(246, 1060, 246, 11, 246),
(247, 1097, 247, 11, 247),
(248, 1099, 248, 11, 248),
(249, 1105, 249, 11, 249),
(250, 1108, 250, 11, 250),
(251, 1149, 251, 11, 251),
(252, 1153, 252, 11, 252),
(253, 1194, 253, 11, 253),
(254, 1199, 254, 11, 254),
(255, 1120, 255, 11, 255),
(256, 1244, 256, 11, 256),
(257, 1250, 257, 11, 257),
(258, 1290, 258, 11, 258),
(259, 1297, 259, 11, 259),
(260, 1300, 260, 11, 260),
(261, 1393, 261, 11, 261),
(262, 1396, 262, 11, 262),
(263, 1433, 263, 11, 263),
(264, 1481, 264, 11, 264),
(265, 1485, 265, 11, 265),
(266, 1490, 266, 11, 266),
(267, 1529, 267, 11, 267),
(268, 1530, 268, 11, 268),
(269, 1537, 269, 11, 269),
(270, 1583, 270, 11, 270),
(271, 1587, 271, 11, 271),
(272, 1627, 272, 11, 272),
(273, 1631, 273, 11, 273),
(274, 1675, 274, 11, 274),
(275, 1678, 275, 11, 275),
(276, 1680, 276, 11, 276),
(277, 1716, 277, 11, 277),
(278, 1749, 278, 11, 278),
(279, 1753, 279, 11, 279),
(280, 1788, 280, 11, 280),
(281, 1791, 281, 11, 281),
(282, 1822, 282, 11, 282),
(283, 1827, 283, 11, 283),
(284, 1858, 284, 11, 284),
(285, 1862, 285, 11, 285),
(286, 1863, 286, 11, 286),
(287, 1898, 287, 11, 287),
(288, 1900, 288, 11, 288),
(289, 1903, 289, 11, 289),
(290, 1930, 290, 11, 290),
(291, 1933, 291, 11, 291),
(292, 1965, 292, 11, 292),
(293, 1968, 293, 11, 293),
(294, 1970, 294, 11, 294),
(295, 1971, 295, 11, 295),
(296, 1994, 296, 11, 296),
(297, 1998, 297, 11, 297),
(298, 2000, 298, 11, 298),
(299, 1931, 299, 11, 299),
(300, 1932, 300, 11, 300),
(301, 13, 301, 8, 301),
(302, 15, 302, 8, 302),
(303, 17, 303, 8, 303),
(304, 18, 304, 8, 304),
(305, 19, 305, 8, 305),
(306, 75, 306, 8, 306),
(307, 78, 307, 8, 307),
(308, 80, 308, 8, 308),
(309, 82, 309, 8, 309),
(310, 83, 310, 8, 310),
(311, 133, 311, 8, 311),
(312, 136, 312, 8, 312),
(313, 137, 313, 8, 313),
(314, 140, 314, 8, 314),
(315, 144, 315, 8, 315),
(316, 190, 316, 8, 316),
(317, 194, 317, 8, 317),
(318, 196, 318, 8, 318),
(319, 200, 319, 8, 319),
(320, 202, 320, 8, 320),
(321, 203, 321, 8, 321),
(322, 254, 322, 8, 322),
(323, 257, 323, 8, 323),
(324, 259, 324, 8, 324),
(325, 261, 325, 8, 325),
(326, 262, 326, 8, 326),
(327, 264, 327, 8, 327),
(328, 24, 328, 8, 328),
(329, 73, 329, 8, 329),
(330, 142, 330, 8, 330),
(331, 313, 331, 8, 331),
(332, 315, 332, 8, 332),
(333, 317, 333, 8, 333),
(334, 320, 334, 8, 334),
(335, 324, 335, 8, 335),
(336, 376, 336, 8, 336),
(337, 378, 337, 8, 337),
(338, 380, 338, 8, 338),
(339, 282, 339, 8, 339),
(340, 284, 340, 8, 340),
(341, 433, 341, 8, 341),
(342, 436, 342, 8, 342),
(343, 438, 343, 8, 343),
(344, 442, 344, 8, 344),
(345, 494, 345, 8, 345),
(346, 444, 346, 8, 346),
(347, 497, 347, 8, 347),
(348, 499, 348, 8, 348),
(349, 501, 349, 8, 349),
(350, 503, 350, 8, 350),
(351, 546, 351, 8, 351),
(352, 550, 352, 8, 352),
(353, 555, 353, 8, 353),
(354, 553, 354, 8, 354),
(355, 594, 355, 8, 355),
(356, 597, 356, 8, 356),
(357, 599, 357, 8, 357),
(358, 601, 358, 8, 800),
(359, 604, 359, 8, 359),
(360, 741, 360, 8, 360),
(361, 744, 361, 8, 361),
(362, 745, 362, 8, 362),
(363, 747, 363, 8, 363),
(364, 786, 364, 8, 364),
(365, 789, 365, 8, 365),
(366, 791, 366, 8, 366),
(367, 794, 367, 8, 367),
(368, 1075, 368, 8, 368),
(369, 1079, 369, 8, 888),
(370, 1082, 370, 8, 370),
(371, 1084, 371, 8, 371),
(372, 1180, 372, 8, 372),
(373, 1169, 373, 8, 666),
(374, 1171, 374, 8, 444),
(375, 1173, 375, 8, 555);

--
-- Indexes for dumped tables
--

--
-- Indexes for table `admin`
--
ALTER TABLE `admin`
  ADD PRIMARY KEY (`aid`);

--
-- Indexes for table `booking`
--
ALTER TABLE `booking`
  ADD PRIMARY KEY (`bid`,`seatid`,`eventid`),
  ADD KEY `bid` (`bid`),
  ADD KEY `seatid` (`seatid`),
  ADD KEY `eventid` (`eventid`);

--
-- Indexes for table `Books`
--
ALTER TABLE `Books`
  ADD PRIMARY KEY (`b_id`);

--
-- Indexes for table `customer`
--
ALTER TABLE `customer`
  ADD PRIMARY KEY (`person_id`);

--
-- Indexes for table `event`
--
ALTER TABLE `event`
  ADD PRIMARY KEY (`event_id`),
  ADD KEY `stadium_id` (`stadium_id`),
  ADD KEY `sport_id` (`sport_id`);

--
-- Indexes for table `handle`
--
ALTER TABLE `handle`
  ADD PRIMARY KEY (`aid`,`eid`),
  ADD KEY `aid` (`aid`),
  ADD KEY `eid` (`eid`);

--
-- Indexes for table `Payment`
--
ALTER TABLE `Payment`
  ADD PRIMARY KEY (`payment_id`);

--
-- Indexes for table `purchase`
--
ALTER TABLE `purchase`
  ADD PRIMARY KEY (`pid`,`seatid`,`eventid`),
  ADD KEY `pid` (`pid`),
  ADD KEY `seatid` (`seatid`),
  ADD KEY `eventid` (`eventid`);

--
-- Indexes for table `Seats`
--
ALTER TABLE `Seats`
  ADD PRIMARY KEY (`seat_id`),
  ADD KEY `stadium_id` (`stadium_id`);

--
-- Indexes for table `Sports`
--
ALTER TABLE `Sports`
  ADD PRIMARY KEY (`sport_id`);

--
-- Indexes for table `Stadium`
--
ALTER TABLE `Stadium`
  ADD PRIMARY KEY (`stadium_id`);

--
-- Indexes for table `ticket_info`
--
ALTER TABLE `ticket_info`
  ADD PRIMARY KEY (`tid`,`seat_id`,`payment_id`,`event_id`,`person_id`),
  ADD KEY `person_id` (`person_id`),
  ADD KEY `seat_id` (`seat_id`),
  ADD KEY `event_id` (`event_id`),
  ADD KEY `payment_id` (`payment_id`);

--
-- Constraints for dumped tables
--

--
-- Constraints for table `booking`
--
ALTER TABLE `booking`
  ADD CONSTRAINT `booking_ibfk_1` FOREIGN KEY (`bid`) REFERENCES `Books` (`b_id`) ON DELETE CASCADE ON UPDATE CASCADE,
  ADD CONSTRAINT `booking_ibfk_2` FOREIGN KEY (`seatid`) REFERENCES `Seats` (`seat_id`) ON DELETE CASCADE ON UPDATE CASCADE,
  ADD CONSTRAINT `booking_ibfk_3` FOREIGN KEY (`eventid`) REFERENCES `event` (`event_id`) ON DELETE CASCADE ON UPDATE CASCADE;

--
-- Constraints for table `event`
--
ALTER TABLE `event`
  ADD CONSTRAINT `event_ibfk_1` FOREIGN KEY (`stadium_id`) REFERENCES `Stadium` (`stadium_id`) ON DELETE CASCADE ON UPDATE CASCADE,
  ADD CONSTRAINT `event_ibfk_2` FOREIGN KEY (`sport_id`) REFERENCES `Sports` (`sport_id`) ON DELETE CASCADE ON UPDATE CASCADE;

--
-- Constraints for table `handle`
--
ALTER TABLE `handle`
  ADD CONSTRAINT `handle_ibfk_1` FOREIGN KEY (`aid`) REFERENCES `admin` (`aid`) ON DELETE CASCADE ON UPDATE CASCADE,
  ADD CONSTRAINT `handle_ibfk_2` FOREIGN KEY (`eid`) REFERENCES `event` (`event_id`) ON DELETE CASCADE ON UPDATE CASCADE;

--
-- Constraints for table `purchase`
--
ALTER TABLE `purchase`
  ADD CONSTRAINT `purchase_ibfk_1` FOREIGN KEY (`pid`) REFERENCES `Payment` (`payment_id`) ON DELETE CASCADE ON UPDATE CASCADE,
  ADD CONSTRAINT `purchase_ibfk_2` FOREIGN KEY (`seatid`) REFERENCES `Seats` (`seat_id`) ON DELETE CASCADE ON UPDATE CASCADE,
  ADD CONSTRAINT `purchase_ibfk_3` FOREIGN KEY (`eventid`) REFERENCES `event` (`event_id`) ON DELETE CASCADE ON UPDATE CASCADE;

--
-- Constraints for table `Seats`
--
ALTER TABLE `Seats`
  ADD CONSTRAINT `seats_ibfk_1` FOREIGN KEY (`stadium_id`) REFERENCES `Stadium` (`stadium_id`) ON DELETE CASCADE ON UPDATE CASCADE;

--
-- Constraints for table `ticket_info`
--
ALTER TABLE `ticket_info`
  ADD CONSTRAINT `ticket_info_ibfk_1` FOREIGN KEY (`person_id`) REFERENCES `customer` (`person_id`) ON DELETE CASCADE ON UPDATE CASCADE,
  ADD CONSTRAINT `ticket_info_ibfk_2` FOREIGN KEY (`payment_id`) REFERENCES `Payment` (`payment_id`) ON DELETE CASCADE ON UPDATE CASCADE,
  ADD CONSTRAINT `ticket_info_ibfk_3` FOREIGN KEY (`event_id`) REFERENCES `event` (`event_id`) ON DELETE CASCADE ON UPDATE CASCADE,
  ADD CONSTRAINT `ticket_info_ibfk_4` FOREIGN KEY (`seat_id`) REFERENCES `Seats` (`seat_id`) ON DELETE CASCADE ON UPDATE CASCADE;
COMMIT;

/*!40101 SET CHARACTER_SET_CLIENT=@OLD_CHARACTER_SET_CLIENT */;
/*!40101 SET CHARACTER_SET_RESULTS=@OLD_CHARACTER_SET_RESULTS */;
/*!40101 SET COLLATION_CONNECTION=@OLD_COLLATION_CONNECTION */;
